order_detail_id, order_id, product_id, quantity, discount
1,2509,21,5,0.05
2,531,70,1,0
3,146,128,5,0
4,2664,90,4,0.05
5,1243,59,1,0
6,108,199,2,0.1
7,2491,98,1,0.1
8,1975,14,4,0.2
9,1546,179,2,0.05
10,2873,110,5,0
11,474,113,1,0.1
12,1507,91,2,0
13,1789,15,2,0
14,377,151,1,0
15,1692,192,5,0.1
16,188,4,2,0.2
17,233,20,1,0
18,1797,47,3,0
19,1287,90,5,0.15
20,1001,75,2,0.1
21,1630,123,1,0.15
22,315,20,3,0.1
23,844,127,3,0.2
24,903,114,3,0
25,2259,75,2,0.1
26,1096,82,5,0.1
27,428,14,3,0.05
28,2890,160,4,0
29,322,53,2,0.2
30,2134,60,3,0.15
31,2265,54,1,0
32,2970,37,1,0
33,2861,113,4,0
34,88,128,1,0
35,1139,151,4,0
36,347,16,3,0.2
37,2498,99,4,0
38,1568,99,4,0
39,920,53,4,0
40,2704,111,5,0
41,2706,79,1,0.1
42,1425,7,5,0.2
43,1378,68,5,0
44,113,88,5,0.05
45,1752,187,1,0.2
46,448,142,4,0.15
47,2777,74,5,0.05
48,1737,147,5,0.2
49,2126,67,2,0.05
50,1915,191,2,0
51,63,72,3,0
52,1024,198,5,0
53,1383,147,4,0
54,2522,71,3,0
55,2701,65,5,0
56,510,79,5,0.15
57,1315,68,2,0.05
58,1896,5,4,0
59,1911,10,3,0.05
60,2613,143,2,0.05
61,240,149,1,0
62,2500,142,3,0
63,1805,47,3,0.2
64,1132,67,4,0
65,932,162,2,0
66,2532,168,1,0
67,469,168,1,0
68,2804,130,4,0.1
69,1300,11,5,0.15
70,934,16,3,0
71,67,174,3,0.1
72,2943,12,5,0
73,1433,28,1,0.1
74,1818,29,5,0
75,971,53,3,0.1
76,1522,175,4,0
77,2630,110,3,0
78,102,84,5,0.2
79,1476,86,4,0.15
80,1535,121,3,0.1
81,128,42,3,0
82,1192,39,5,0
83,436,156,2,0.2
84,1283,131,5,0.2
85,2382,183,3,0
86,1552,150,1,0.15
87,2975,39,4,0.2
88,2660,21,1,0
89,2316,129,5,0.15
90,2246,188,4,0.1
91,497,136,1,0.1
92,1935,169,5,0.1
93,1807,82,3,0
94,2357,76,2,0
95,996,197,3,0
96,1868,81,1,0.15
97,988,114,4,0
98,327,91,5,0.1
99,314,93,4,0.1
100,944,115,4,0
101,2333,33,5,0
102,1670,173,5,0.15
103,566,156,3,0.2
104,1176,88,3,0
105,334,105,4,0.1
106,608,148,4,0.15
107,812,47,4,0
108,684,31,4,0
109,2272,183,4,0.15
110,414,33,1,0.2
111,1768,7,2,0
112,543,132,5,0.05
113,1730,91,2,0.05
114,2855,143,2,0.15
115,1202,31,3,0.2
116,1379,152,5,0.1
117,442,185,1,0
118,1454,115,4,0.15
119,1843,190,4,0
120,1955,180,2,0.15
121,752,186,5,0.2
122,2087,22,2,0
123,2432,152,3,0.15
124,2660,117,4,0
125,1797,46,5,0.15
126,2409,72,1,0
127,1218,127,3,0
128,2311,133,5,0.1
129,2082,110,3,0
130,1574,82,2,0
131,172,189,2,0.05
132,2127,72,5,0.1
133,1288,26,3,0
134,679,31,3,0
135,1994,113,2,0
136,1182,67,5,0.2
137,435,60,3,0
138,394,53,5,0.2
139,2084,194,2,0
140,2452,11,5,0.1
141,800,2,4,0.2
142,106,95,2,0
143,2340,110,4,0.1
144,517,117,3,0
145,2934,181,1,0.05
146,1771,127,3,0
147,561,72,1,0
148,324,191,2,0.15
149,305,84,2,0.1
150,1374,71,4,0.15
151,2101,173,1,0.15
152,2818,81,1,0.05
153,412,181,5,0
154,780,143,1,0.15
155,2570,3,2,0
156,2402,97,2,0.15
157,802,68,4,0
158,1985,48,4,0
159,540,51,1,0.1
160,2963,192,2,0
161,1779,18,4,0.1
162,2504,54,2,0
163,1713,177,3,0.1
164,1558,162,5,0
165,2613,90,4,0.1
166,2691,47,3,0.2
167,950,75,4,0.05
168,2581,101,5,0
169,2226,124,3,0
170,897,29,3,0.05
171,1832,84,2,0.15
172,1741,30,2,0.05
173,1307,170,1,0
174,2855,102,2,0.2
175,1982,126,5,0.05
176,2815,61,1,0
177,1098,130,2,0.2
178,1676,16,5,0.2
179,1324,67,3,0.05
180,1604,114,4,0.05
181,1068,14,3,0.05
182,2983,57,3,0.15
183,187,79,4,0.05
184,907,147,2,0.1
185,845,200,1,0.1
186,2502,85,2,0.1
187,2211,6,1,0.2
188,1554,24,3,0
189,2265,17,1,0.1
190,863,93,5,0
191,644,138,4,0.2
192,2941,59,3,0.2
193,662,96,3,0.05
194,884,142,2,0
195,148,6,5,0
196,2055,102,4,0
197,643,73,3,0
198,943,162,2,0
199,1116,192,1,0.2
200,1548,168,4,0
201,1106,22,1,0
202,2067,185,4,0
203,61,191,5,0.1
204,622,25,5,0.2
205,1603,50,5,0.2
206,1279,83,4,0.1
207,96,78,3,0.05
208,831,26,3,0.15
209,2361,121,4,0
210,1760,24,2,0.05
211,2298,72,4,0
212,2879,137,5,0
213,1567,5,4,0.15
214,1613,96,5,0.15
215,444,116,2,0.1
216,102,102,2,0.05
217,1515,123,5,0
218,2633,80,3,0
219,2581,22,1,0.1
220,694,54,4,0.1
221,1024,22,2,0.05
222,2526,122,5,0.15
223,2321,195,2,0
224,2022,65,4,0
225,1384,39,1,0
226,2823,145,5,0.05
227,23,69,2,0.2
228,2304,126,5,0.05
229,1283,167,2,0
230,1890,182,4,0.1
231,2273,190,1,0
232,1744,180,1,0.05
233,522,194,1,0
234,2130,192,1,0
235,809,113,1,0
236,1738,127,2,0.15
237,2149,125,2,0.15
238,2241,108,4,0
239,1216,31,4,0
240,2949,174,3,0.1
241,1321,158,3,0.1
242,2664,43,2,0
243,2144,176,2,0.2
244,2515,183,3,0.1
245,2477,65,4,0.05
246,863,85,2,0
247,2148,184,4,0
248,1302,107,2,0
249,1928,18,1,0
250,2874,49,2,0.15
251,385,138,4,0
252,388,16,5,0.05
253,2435,41,1,0
254,2607,144,2,0
255,2576,4,2,0
256,1165,110,5,0.15
257,1253,95,5,0.2
258,1652,66,5,0.1
259,2628,169,2,0
260,2428,40,1,0.15
261,887,72,2,0
262,2309,27,2,0.2
263,2140,151,4,0
264,2358,198,5,0.1
265,1136,189,5,0.15
266,1940,54,2,0
267,950,56,1,0.2
268,2519,38,2,0
269,1948,1,3,0
270,214,36,5,0.2
271,1801,109,4,0
272,1240,129,1,0
273,2295,101,4,0.2
274,1580,181,4,0
275,1277,134,3,0.1
276,321,155,2,0
277,2596,72,2,0.2
278,1791,144,4,0.05
279,2848,65,1,0.1
280,1784,167,3,0
281,104,94,4,0.2
282,2745,89,4,0
283,2528,144,2,0.05
284,1533,46,1,0
285,1811,93,5,0
286,23,151,3,0
287,386,95,3,0.1
288,54,156,3,0
289,2652,71,4,0.05
290,180,179,3,0
291,2562,15,5,0.2
292,125,184,4,0.1
293,2590,117,4,0
294,1940,192,5,0.2
295,426,10,3,0
296,2511,183,2,0.15
297,725,34,1,0.05
298,490,15,4,0.15
299,2911,16,3,0
300,2229,72,2,0.15
301,2515,189,1,0
302,2753,82,2,0.1
303,2958,94,5,0
304,2722,104,4,0.2
305,2735,172,1,0
306,791,195,5,0
307,2986,69,1,0
308,1817,12,3,0.1
309,814,177,5,0.05
310,709,163,1,0
311,1122,144,3,0
312,1399,120,5,0.2
313,2853,23,5,0.05
314,362,30,1,0
315,2989,23,2,0
316,2422,161,1,0.2
317,694,3,2,0.15
318,1535,118,1,0.15
319,1011,79,2,0.15
320,544,80,1,0.05
321,2892,74,2,0
322,576,145,3,0.05
323,926,49,3,0
324,726,76,3,0.15
325,1801,68,1,0.05
326,1455,149,3,0
327,2629,134,4,0.2
328,2585,176,2,0
329,2398,99,2,0.1
330,2330,54,4,0
331,2647,175,3,0
332,1402,180,5,0.1
333,1102,24,5,0.2
334,864,67,2,0.05
335,1069,9,1,0.1
336,2697,162,2,0.05
337,573,120,5,0
338,1525,145,4,0.15
339,2411,9,3,0.15
340,429,162,3,0.2
341,33,41,4,0.05
342,1371,87,1,0
343,1467,79,2,0.05
344,2240,48,1,0.05
345,2526,117,5,0.1
346,2845,112,4,0.05
347,998,65,3,0.1
348,1384,124,4,0
349,165,60,5,0
350,1725,110,3,0.1
351,1642,152,1,0
352,2098,43,3,0.1
353,2858,135,2,0.1
354,572,34,3,0.2
355,221,24,3,0.2
356,580,89,4,0.05
357,678,118,1,0.15
358,605,52,2,0
359,1260,21,2,0
360,833,112,1,0.15
361,1003,40,5,0.2
362,1533,2,4,0
363,1412,26,4,0.1
364,2814,101,2,0.05
365,2738,97,4,0.15
366,995,196,1,0.05
367,527,82,2,0.05
368,1340,73,4,0.1
369,1614,137,1,0
370,2001,172,5,0
371,909,156,2,0.2
372,964,95,3,0
373,2054,1,5,0.1
374,1631,20,2,0
375,2048,49,1,0
376,1237,112,1,0
377,1574,168,2,0.05
378,618,73,3,0.05
379,2766,124,1,0
380,1728,46,2,0.05
381,2795,133,1,0.05
382,339,89,1,0.15
383,1657,4,2,0
384,528,148,5,0.05
385,2812,117,1,0.05
386,2679,172,4,0.05
387,224,78,4,0
388,2598,30,5,0.2
389,1845,129,3,0.2
390,1940,183,3,0.2
391,2192,94,1,0.2
392,733,109,5,0.2
393,1571,173,1,0
394,29,87,5,0
395,810,132,5,0.15
396,1864,112,1,0.05
397,1154,11,1,0.2
398,2006,118,3,0
399,2455,176,3,0
400,1744,87,3,0.2
401,97,139,3,0
402,1202,92,4,0
403,1830,84,3,0.15
404,146,153,1,0
405,2998,10,5,0.15
406,1623,64,2,0
407,2192,25,2,0.15
408,593,163,4,0.05
409,1126,89,4,0.15
410,2529,63,5,0.1
411,1878,11,1,0
412,1527,10,2,0.1
413,2965,164,1,0.05
414,2100,186,1,0
415,2609,192,3,0.05
416,1642,6,2,0.15
417,1053,185,1,0.2
418,1776,30,2,0.1
419,1069,78,5,0.1
420,2209,63,1,0
421,2349,122,2,0.2
422,1790,71,2,0
423,2055,172,1,0.1
424,1633,47,3,0
425,21,105,2,0
426,1698,169,2,0
427,1094,119,5,0.2
428,2601,82,1,0
429,921,5,3,0
430,262,157,3,0.15
431,2917,156,4,0.1
432,1724,163,5,0
433,2218,100,4,0.1
434,52,88,3,0
435,1419,114,2,0.05
436,2044,54,5,0.15
437,697,173,4,0
438,1651,9,5,0
439,2587,125,5,0
440,341,54,5,0
441,1246,75,3,0.05
442,2763,120,1,0
443,2560,150,2,0.1
444,1441,145,4,0.05
445,96,193,3,0.1
446,2011,61,4,0.1
447,540,97,5,0.2
448,506,25,4,0
449,866,29,5,0
450,732,41,4,0.1
451,1674,91,2,0.05
452,2455,72,3,0.2
453,1488,162,1,0.15
454,2814,163,3,0.1
455,2194,137,4,0
456,1655,127,4,0
457,1841,41,2,0.05
458,1182,1,5,0.2
459,1369,196,4,0.15
460,706,175,1,0.05
461,2377,168,4,0.05
462,1681,49,1,0.1
463,919,36,5,0.1
464,2062,21,5,0.1
465,2999,105,1,0
466,2498,64,2,0.1
467,2563,121,1,0
468,94,191,5,0.2
469,2680,100,5,0.1
470,791,42,4,0
471,2962,62,2,0.05
472,2920,52,3,0
473,1201,17,1,0
474,2366,119,4,0
475,2801,155,4,0
476,725,119,5,0.15
477,456,155,3,0.2
478,653,63,4,0.15
479,287,2,1,0.15
480,2773,105,5,0.05
481,1579,19,4,0
482,2933,138,1,0.15
483,2487,166,5,0.15
484,98,113,4,0.2
485,2974,16,3,0.2
486,1632,186,1,0
487,1637,184,5,0.15
488,2661,113,4,0.2
489,509,27,2,0.2
490,1076,195,5,0.2
491,458,185,2,0
492,1692,169,3,0
493,996,124,2,0
494,398,85,1,0.05
495,2905,126,2,0.2
496,1065,88,3,0.15
497,1822,85,4,0.15
498,1057,146,3,0.1
499,147,195,2,0
500,2138,74,1,0
501,1520,145,3,0.15
502,1193,79,2,0.1
503,2597,79,4,0.15
504,1802,173,3,0
505,2848,33,2,0.1
506,1198,99,3,0.15
507,934,8,2,0.1
508,1241,38,5,0
509,1063,94,5,0.15
510,2117,104,4,0.1
511,698,89,2,0.1
512,2053,81,5,0
513,1549,125,2,0.2
514,2152,124,2,0.05
515,1556,4,1,0
516,921,80,2,0
517,615,72,5,0.2
518,2986,31,2,0
519,2044,118,5,0.15
520,50,192,5,0
521,830,94,1,0.05
522,2566,26,3,0.1
523,276,70,5,0.1
524,2203,21,1,0.05
525,2322,134,2,0
526,1049,190,2,0.15
527,2666,63,2,0.15
528,2939,117,2,0
529,2496,69,5,0
530,375,191,2,0.15
531,261,34,5,0
532,250,54,2,0
533,2399,195,5,0.05
534,1902,26,5,0.2
535,210,82,1,0
536,1960,30,4,0
537,1950,51,1,0.1
538,2415,56,5,0.05
539,1229,146,1,0.1
540,1761,29,4,0.2
541,2633,50,5,0.2
542,2601,158,4,0
543,1032,194,4,0.1
544,1109,127,2,0
545,2078,124,5,0
546,2644,77,3,0.2
547,2180,64,3,0
548,2777,144,5,0
549,2564,113,1,0.2
550,747,125,1,0
551,2088,121,4,0
552,733,17,4,0.15
553,1248,25,4,0
554,2613,176,5,0.2
555,749,50,1,0.2
556,950,55,3,0.1
557,1251,82,5,0.05
558,422,176,3,0.1
559,862,147,2,0
560,641,50,4,0.2
561,704,41,5,0.15
562,644,84,5,0.05
563,2677,153,4,0.2
564,2976,69,2,0
565,1934,78,3,0
566,1255,86,3,0.2
567,1292,116,3,0.05
568,2308,101,4,0
569,1656,15,4,0
570,2646,36,4,0.2
571,1124,5,2,0
572,2712,184,3,0
573,1530,7,3,0.05
574,1567,84,5,0.1
575,817,56,5,0.1
576,1803,71,1,0
577,996,42,3,0.15
578,1965,185,5,0.05
579,189,200,4,0.15
580,2894,125,2,0
581,2486,151,4,0
582,416,15,3,0
583,2204,95,4,0
584,455,121,2,0.15
585,304,84,4,0.2
586,622,39,5,0
587,2352,52,5,0
588,1796,63,3,0.1
589,2239,196,3,0.1
590,2176,75,1,0
591,279,180,3,0.2
592,1480,198,4,0.15
593,880,48,3,0.05
594,933,118,3,0
595,816,174,3,0
596,2473,192,1,0
597,489,165,4,0.05
598,1624,125,1,0.2
599,2165,16,5,0
600,67,145,4,0
601,2066,84,5,0.05
602,1158,148,3,0.15
603,275,189,1,0.1
604,378,143,1,0.1
605,649,132,1,0.1
606,1919,157,2,0.2
607,300,197,4,0.2
608,1135,120,4,0.15
609,624,167,3,0
610,745,166,5,0
611,1860,136,4,0
612,1645,148,3,0
613,2555,100,1,0
614,923,83,4,0
615,1061,58,5,0.15
616,1338,137,4,0.15
617,2726,52,5,0
618,2929,148,2,0
619,608,53,3,0
620,414,7,5,0.1
621,162,200,2,0.1
622,1428,18,3,0.2
623,1292,59,2,0
624,1241,42,4,0
625,955,56,3,0
626,563,113,1,0.2
627,1537,7,4,0.2
628,855,98,1,0.05
629,1797,103,2,0
630,1559,152,1,0
631,718,130,5,0.15
632,2116,32,2,0.2
633,859,31,4,0.15
634,2478,92,3,0.05
635,783,54,1,0.2
636,2077,93,4,0
637,2084,29,4,0
638,30,98,4,0.05
639,410,91,3,0
640,268,112,3,0
641,2873,22,4,0.05
642,65,71,3,0
643,577,64,2,0.1
644,38,33,5,0
645,575,178,4,0.2
646,160,16,5,0.2
647,860,190,3,0
648,2530,107,2,0.05
649,707,45,5,0
650,2739,47,3,0
651,666,8,4,0
652,1254,104,3,0.2
653,1087,160,3,0
654,106,85,1,0.05
655,141,189,2,0.05
656,191,139,4,0.2
657,2452,185,5,0
658,648,26,1,0
659,913,24,4,0
660,461,122,4,0.05
661,2199,113,2,0.2
662,2471,164,1,0
663,1951,121,3,0
664,1323,169,5,0
665,2514,172,1,0.05
666,2019,192,5,0
667,516,57,5,0
668,585,58,1,0.15
669,389,184,4,0
670,2520,27,2,0
671,1027,48,3,0
672,2911,119,5,0.1
673,2118,148,3,0.2
674,540,84,4,0
675,2709,38,5,0.15
676,141,192,4,0.15
677,197,51,2,0
678,586,163,1,0.2
679,975,42,4,0
680,48,147,4,0.05
681,1409,49,5,0.05
682,1852,55,4,0.1
683,1077,140,4,0
684,1145,168,5,0
685,1382,48,3,0
686,1997,198,5,0.05
687,2717,25,3,0.2
688,2127,68,1,0.2
689,1497,110,1,0.1
690,518,25,2,0.05
691,456,31,5,0.15
692,1212,33,3,0
693,1854,112,5,0
694,2068,47,4,0.2
695,2093,50,2,0.2
696,2788,57,1,0
697,1450,135,5,0.2
698,622,145,5,0.1
699,193,137,3,0.1
700,944,178,5,0
701,1534,41,1,0.15
702,679,163,5,0
703,2934,39,5,0.1
704,1737,52,3,0
705,1642,76,4,0.1
706,1726,122,4,0
707,558,185,3,0
708,307,65,5,0.15
709,1277,54,5,0.1
710,274,16,4,0
711,589,124,2,0.2
712,994,101,2,0.15
713,1717,101,5,0
714,1019,90,1,0
715,1132,36,4,0
716,2974,190,5,0.15
717,622,53,4,0
718,2754,71,3,0
719,2609,31,5,0
720,2148,27,5,0.05
721,952,170,4,0
722,512,139,5,0.05
723,630,19,3,0
724,168,98,3,0
725,2568,120,4,0.1
726,690,182,4,0.2
727,1193,58,5,0
728,363,188,5,0.1
729,1486,62,4,0.2
730,2874,111,4,0
731,2614,27,3,0.2
732,2966,188,3,0
733,2623,131,3,0.05
734,2732,65,3,0
735,53,26,4,0
736,2400,127,2,0.1
737,1777,171,3,0
738,2903,125,5,0.1
739,2317,97,5,0.1
740,2735,98,1,0.1
741,442,152,1,0.1
742,389,31,2,0
743,2377,173,5,0.05
744,1613,184,1,0
745,2651,113,4,0.1
746,2142,10,4,0.2
747,2573,191,4,0.15
748,106,56,5,0
749,99,162,3,0
750,1198,106,1,0.15
751,1871,65,3,0.2
752,2798,89,3,0
753,1134,115,1,0
754,1877,179,3,0.2
755,658,54,5,0.2
756,2242,166,3,0.15
757,1644,193,3,0.2
758,705,128,1,0
759,1441,158,5,0.15
760,933,82,3,0
761,2958,24,4,0
762,2547,128,2,0.2
763,1568,52,3,0.2
764,2898,125,3,0
765,1794,93,2,0
766,1323,5,1,0
767,2384,80,5,0.15
768,2631,144,3,0.2
769,2294,138,2,0.05
770,2534,179,1,0
771,383,24,5,0.15
772,1658,68,2,0.15
773,1394,137,3,0.05
774,545,99,1,0.2
775,1204,158,5,0
776,1327,58,4,0.2
777,168,63,5,0
778,2735,71,1,0.05
779,920,178,2,0
780,926,113,2,0
781,51,76,2,0
782,2508,124,4,0.05
783,2279,142,5,0
784,1689,48,5,0.1
785,1637,161,5,0.05
786,1072,181,3,0.2
787,1080,111,3,0
788,962,82,5,0
789,316,178,2,0
790,2878,64,5,0.1
791,528,25,5,0.15
792,1949,138,3,0
793,2475,59,3,0.15
794,2876,166,5,0.2
795,918,120,3,0.1
796,218,118,5,0.05
797,2037,152,4,0
798,702,6,5,0.05
799,2290,167,1,0
800,1953,181,2,0
801,2794,91,1,0.15
802,1131,146,3,0.15
803,113,183,5,0.05
804,1765,181,2,0.05
805,882,170,4,0
806,2206,179,3,0
807,953,146,5,0.05
808,591,197,5,0.15
809,2404,81,1,0.1
810,217,183,3,0.1
811,491,199,1,0.1
812,261,136,4,0.15
813,661,188,2,0
814,2464,199,2,0.2
815,743,8,4,0.15
816,490,85,1,0
817,1653,147,4,0.2
818,1670,98,4,0
819,1407,47,1,0
820,1455,46,4,0
821,2047,24,2,0
822,1645,52,2,0
823,2652,163,1,0
824,1851,193,1,0.1
825,1056,6,5,0
826,2282,16,3,0
827,691,1,5,0
828,20,84,4,0
829,114,146,5,0
830,285,45,2,0.15
831,2544,128,2,0.1
832,895,89,1,0.2
833,2799,40,5,0
834,2352,46,4,0.15
835,728,130,2,0.2
836,1824,8,5,0
837,2202,31,3,0
838,442,90,2,0.1
839,2124,43,1,0.05
840,792,155,2,0.1
841,1382,117,5,0.2
842,1593,115,1,0.15
843,2272,17,3,0
844,1498,37,2,0.2
845,2011,49,4,0
846,1468,16,4,0.2
847,2702,182,5,0
848,2130,24,3,0.1
849,2307,148,5,0.1
850,1615,194,5,0.15
851,824,73,3,0
852,1835,196,2,0
853,2566,110,4,0.05
854,1545,22,4,0
855,2013,27,3,0.1
856,1983,157,4,0
857,2039,198,3,0.2
858,2802,179,1,0.1
859,171,49,1,0
860,2407,192,5,0.1
861,711,165,3,0.15
862,197,137,1,0
863,1241,99,2,0
864,2203,14,4,0.15
865,2083,135,2,0.1
866,1519,175,1,0
867,405,118,2,0
868,2919,82,1,0.15
869,834,127,2,0.1
870,2624,157,1,0
871,1563,53,1,0
872,20,62,3,0
873,1598,59,3,0.2
874,1647,12,2,0
875,2453,64,5,0.15
876,1058,109,5,0.15
877,2565,80,2,0.15
878,1117,105,1,0.05
879,1695,97,3,0.2
880,777,200,4,0
881,2459,3,4,0
882,2851,197,4,0
883,2716,177,2,0
884,2612,30,1,0
885,2002,18,2,0.1
886,1341,43,3,0.15
887,2929,178,4,0
888,2197,74,3,0.2
889,2336,67,1,0.2
890,490,102,2,0
891,2273,128,2,0
892,2123,10,4,0.05
893,448,29,2,0
894,1590,48,1,0.2
895,2842,18,2,0.05
896,2521,95,4,0.15
897,585,114,5,0.2
898,169,170,5,0.2
899,775,197,2,0.15
900,1303,12,5,0
901,626,88,3,0
902,1435,119,2,0.15
903,232,101,4,0
904,1196,130,1,0
905,754,161,2,0
906,2696,185,4,0
907,1805,18,2,0.1
908,2165,74,5,0
909,588,141,3,0
910,457,176,1,0.05
911,2122,137,1,0.1
912,2952,44,3,0
913,158,37,1,0.15
914,958,2,4,0
915,2305,15,4,0.2
916,2323,31,2,0.2
917,2574,10,5,0.1
918,303,6,4,0.1
919,2642,99,3,0.15
920,2524,100,4,0.15
921,974,175,4,0.1
922,1025,89,4,0.05
923,628,117,5,0
924,917,37,3,0.15
925,2995,45,4,0
926,657,95,1,0.05
927,1229,37,1,0.05
928,1681,182,5,0.2
929,930,103,2,0.2
930,2567,91,2,0.05
931,1725,107,4,0.15
932,1853,114,4,0.05
933,1490,87,3,0.15
934,1634,35,5,0
935,1008,56,2,0.1
936,798,187,5,0
937,1898,141,4,0
938,2638,79,2,0.05
939,579,121,1,0.1
940,2672,116,3,0.2
941,2555,106,1,0
942,890,87,5,0
943,2702,99,5,0.05
944,739,114,1,0.15
945,846,99,5,0.15
946,706,70,5,0.2
947,639,165,4,0.1
948,811,39,4,0
949,1920,63,2,0.2
950,1994,81,5,0.2
951,2509,136,1,0.15
952,398,17,1,0
953,36,14,3,0.2
954,369,81,3,0
955,617,55,3,0.2
956,271,93,5,0
957,2390,115,4,0
958,2882,45,3,0
959,416,144,2,0
960,669,107,1,0.1
961,2533,105,2,0.1
962,2263,161,4,0.15
963,1152,177,2,0
964,2720,38,4,0
965,162,35,4,0.05
966,1554,123,2,0.2
967,82,151,3,0.05
968,2396,147,2,0.05
969,82,126,5,0
970,1392,22,3,0
971,726,35,5,0
972,2775,101,2,0
973,2740,51,3,0
974,2914,22,3,0.1
975,2027,5,5,0.1
976,1712,44,3,0.2
977,1036,50,5,0
978,2132,7,4,0
979,684,14,2,0.15
980,1256,68,4,0.05
981,1383,11,3,0.15
982,2690,118,1,0
983,2259,9,2,0.2
984,2557,3,5,0
985,1240,98,2,0.05
986,1557,100,1,0.15
987,2753,70,4,0
988,1503,132,4,0.05
989,2898,88,2,0
990,2946,67,5,0
991,2003,73,3,0
992,1843,172,1,0.2
993,2729,82,5,0
994,95,33,1,0
995,305,46,3,0
996,631,147,2,0.2
997,358,20,1,0.15
998,56,189,3,0.2
999,2530,19,2,0.1
1000,2565,118,3,0.2
1001,2724,28,5,0
1002,231,181,2,0
1003,333,48,1,0.15
1004,376,1,4,0.2
1005,2809,60,2,0
1006,2937,21,4,0
1007,2562,136,2,0.05
1008,809,182,4,0.1
1009,2893,48,4,0
1010,2997,174,5,0.2
1011,251,114,2,0.1
1012,26,21,2,0
1013,1079,37,5,0.1
1014,776,180,1,0.15
1015,311,49,2,0.2
1016,1317,194,2,0
1017,1617,163,5,0
1018,2464,106,5,0.15
1019,1170,56,4,0
1020,1413,189,2,0.1
1021,29,168,3,0
1022,661,17,1,0
1023,2024,89,1,0.1
1024,1762,21,4,0
1025,2763,23,3,0.1
1026,1481,179,5,0.15
1027,270,146,3,0.15
1028,1307,116,3,0.15
1029,1968,95,4,0
1030,2004,81,5,0.15
1031,780,59,5,0
1032,175,177,3,0.05
1033,1905,119,3,0.2
1034,1652,119,4,0.05
1035,626,37,4,0.05
1036,101,36,3,0.05
1037,2590,39,4,0
1038,58,112,2,0
1039,2429,48,2,0
1040,68,101,4,0
1041,1110,87,2,0
1042,2038,101,2,0
1043,2251,72,2,0
1044,1993,156,4,0.05
1045,1783,41,4,0.15
1046,245,91,1,0
1047,1325,181,4,0.1
1048,1186,37,2,0.1
1049,2025,56,4,0.05
1050,54,79,2,0
1051,2583,80,5,0.05
1052,2506,32,5,0
1053,2170,73,3,0.15
1054,1530,177,2,0
1055,2316,122,1,0
1056,1832,95,4,0
1057,858,84,2,0.2
1058,1281,163,4,0.2
1059,1150,143,3,0.1
1060,1357,179,2,0
1061,1319,162,5,0
1062,2901,152,5,0
1063,1021,126,5,0.05
1064,80,81,5,0
1065,1574,193,2,0.1
1066,1318,21,5,0.05
1067,1896,155,3,0
1068,1842,100,2,0.2
1069,1132,183,2,0
1070,242,122,2,0
1071,2594,1,3,0
1072,2543,124,5,0
1073,1118,82,4,0
1074,2478,138,2,0.2
1075,2646,49,5,0.1
1076,494,76,1,0.15
1077,799,135,5,0
1078,1017,97,4,0.15
1079,45,77,3,0
1080,591,76,1,0
1081,2670,165,4,0
1082,1510,120,2,0.05
1083,2564,98,5,0
1084,2433,114,3,0
1085,1121,117,3,0
1086,2893,156,4,0
1087,668,151,2,0
1088,70,32,1,0.2
1089,1338,142,4,0
1090,581,81,4,0.1
1091,105,161,4,0.15
1092,1327,102,2,0
1093,2512,195,1,0.15
1094,1159,83,5,0.2
1095,2329,11,5,0
1096,2961,184,2,0.05
1097,262,18,2,0
1098,419,134,2,0.15
1099,963,24,3,0
1100,1386,21,4,0
1101,285,127,4,0.1
1102,255,135,4,0.15
1103,1622,178,2,0.1
1104,367,54,4,0
1105,473,196,3,0
1106,981,15,5,0
1107,215,165,2,0.05
1108,174,11,2,0.2
1109,953,40,2,0.1
1110,1309,83,4,0.2
1111,2599,172,4,0
1112,2090,196,3,0.05
1113,97,172,4,0.1
1114,279,11,2,0.1
1115,148,54,2,0.1
1116,2014,2,3,0.15
1117,331,149,3,0.1
1118,673,102,2,0
1119,2197,2,5,0
1120,1089,143,3,0.1
1121,1591,41,2,0.2
1122,2489,66,3,0
1123,1340,67,4,0
1124,2665,74,4,0
1125,1825,155,5,0.2
1126,1662,53,2,0
1127,171,100,1,0.15
1128,843,52,5,0.15
1129,1224,177,2,0.1
1130,1243,93,4,0
1131,2654,161,2,0.1
1132,1034,56,5,0
1133,1270,4,2,0.2
1134,742,86,2,0.05
1135,2949,100,3,0.05
1136,1601,155,2,0.05
1137,1967,144,5,0
1138,2733,64,1,0.1
1139,440,1,1,0.1
1140,205,3,3,0
1141,1243,114,4,0.15
1142,2327,41,1,0
1143,1508,56,2,0.05
1144,1528,20,3,0.05
1145,2678,6,3,0.2
1146,144,31,3,0
1147,1077,117,2,0
1148,2608,191,1,0.05
1149,716,4,1,0
1150,2969,61,4,0.2
1151,2375,178,5,0
1152,1107,6,5,0.05
1153,260,188,2,0
1154,267,102,4,0
1155,153,128,4,0.2
1156,1908,106,2,0
1157,2363,12,1,0.2
1158,1151,182,3,0.15
1159,1963,52,3,0
1160,2750,70,2,0
1161,2825,115,1,0.15
1162,181,145,4,0.1
1163,2880,126,2,0.15
1164,194,74,3,0
1165,2450,95,4,0.2
1166,1936,140,2,0
1167,2698,96,5,0.1
1168,597,83,3,0.05
1169,713,149,4,0
1170,1915,89,3,0
1171,2756,193,4,0.15
1172,2222,105,3,0.05
1173,355,155,3,0
1174,1364,92,4,0.05
1175,2209,175,2,0
1176,1407,130,2,0.1
1177,1400,139,2,0.2
1178,2350,36,2,0.2
1179,2840,102,1,0.2
1180,1717,29,5,0.1
1181,172,134,1,0.1
1182,17,66,5,0.15
1183,675,190,2,0.15
1184,2908,86,4,0
1185,1334,188,3,0.1
1186,1618,134,4,0
1187,2364,90,4,0.15
1188,436,58,4,0
1189,2843,193,2,0.15
1190,3,130,1,0.05
1191,592,19,3,0
1192,1664,78,2,0.1
1193,2615,25,2,0
1194,67,8,3,0
1195,849,48,1,0
1196,1039,116,1,0.05
1197,1465,170,4,0
1198,2859,153,3,0
1199,1589,96,2,0
1200,1756,159,5,0.05
1201,2602,158,5,0
1202,2782,126,1,0.05
1203,1310,90,1,0
1204,2870,122,4,0.2
1205,2208,198,1,0.05
1206,2821,151,5,0
1207,2806,126,1,0.05
1208,159,125,1,0.05
1209,1033,140,1,0
1210,1006,186,1,0.05
1211,1556,192,3,0
1212,2473,121,1,0
1213,1269,142,4,0
1214,2514,106,1,0
1215,2801,33,5,0.2
1216,2766,200,1,0.1
1217,1821,18,5,0
1218,1898,71,5,0.05
1219,2195,168,1,0
1220,2399,31,5,0.05
1221,713,116,3,0.2
1222,667,11,3,0.1
1223,1358,110,1,0.15
1224,635,20,2,0.05
1225,1992,64,1,0.05
1226,2679,46,4,0
1227,1239,47,2,0
1228,2798,150,4,0
1229,2924,114,1,0
1230,674,36,2,0.15
1231,2479,145,1,0.05
1232,2033,94,4,0
1233,2902,135,3,0.15
1234,2227,28,4,0.05
1235,138,72,4,0.1
1236,2876,109,1,0
1237,358,68,3,0.05
1238,1644,130,2,0
1239,496,7,2,0
1240,2337,48,2,0.05
1241,2703,140,3,0.1
1242,1078,123,1,0.2
1243,2689,48,5,0.05
1244,475,144,1,0
1245,830,38,3,0
1246,2874,101,1,0
1247,246,131,1,0
1248,2149,171,3,0.1
1249,2174,3,3,0.2
1250,562,82,2,0.2
1251,1968,55,2,0.15
1252,1945,123,4,0
1253,406,45,4,0.1
1254,2595,161,5,0.2
1255,291,38,2,0.2
1256,2089,38,1,0.05
1257,2103,19,5,0
1258,1012,161,4,0.2
1259,2563,93,2,0.2
1260,1076,105,1,0.2
1261,1769,11,3,0.2
1262,1617,8,2,0.15
1263,2976,96,4,0.05
1264,2484,58,2,0.05
1265,2519,131,4,0.15
1266,2603,41,2,0.1
1267,2136,74,4,0.2
1268,308,111,5,0
1269,1710,17,5,0
1270,2886,199,2,0.2
1271,2628,11,3,0
1272,1611,72,4,0.15
1273,1399,78,5,0.1
1274,1340,79,4,0.1
1275,1998,99,5,0.15
1276,2295,175,5,0.1
1277,2708,147,2,0.05
1278,1381,24,4,0
1279,2183,133,5,0.15
1280,258,65,3,0
1281,1184,153,5,0
1282,1283,83,2,0.1
1283,784,90,3,0
1284,1373,133,4,0
1285,1081,154,4,0.15
1286,2700,49,5,0.2
1287,571,198,3,0
1288,2815,176,3,0.15
1289,2224,142,3,0
1290,1896,149,5,0
1291,481,186,3,0.15
1292,1012,53,5,0.2
1293,2595,87,2,0.15
1294,2036,96,2,0.05
1295,1984,184,3,0.1
1296,1881,138,3,0
1297,1044,156,1,0
1298,510,97,5,0.05
1299,14,18,2,0.2
1300,1044,127,4,0.1
1301,2391,71,5,0.1
1302,1723,51,3,0
1303,1752,161,4,0.1
1304,443,122,4,0.05
1305,1283,31,2,0
1306,504,93,1,0
1307,288,72,1,0.1
1308,2193,69,2,0.2
1309,393,191,4,0
1310,164,170,5,0
1311,41,29,3,0.1
1312,2948,71,3,0.05
1313,986,60,2,0.1
1314,2473,147,3,0.1
1315,1449,61,2,0
1316,2268,150,3,0.2
1317,901,44,4,0
1318,2219,158,1,0
1319,374,147,5,0
1320,1992,32,1,0
1321,1665,57,2,0.05
1322,2497,43,2,0
1323,1145,28,1,0
1324,2750,79,4,0.1
1325,2457,99,4,0
1326,952,26,1,0.05
1327,2919,114,4,0
1328,1575,158,4,0
1329,2218,196,3,0
1330,2758,126,4,0.2
1331,2147,88,3,0
1332,2045,130,5,0.05
1333,1812,156,2,0
1334,592,181,1,0.1
1335,2863,175,4,0
1336,1655,54,2,0
1337,1447,104,3,0
1338,2929,75,2,0.05
1339,2460,121,1,0.15
1340,2308,63,1,0.05
1341,2921,6,4,0.1
1342,1414,93,4,0
1343,2011,112,4,0.05
1344,367,112,3,0
1345,937,69,3,0
1346,1961,41,2,0
1347,2399,166,5,0.1
1348,2175,51,1,0.05
1349,1494,13,2,0
1350,2897,41,1,0.1
1351,2849,142,1,0
1352,325,135,3,0.05
1353,611,76,2,0.2
1354,1786,72,2,0
1355,1678,80,2,0.1
1356,274,60,1,0.1
1357,214,147,2,0
1358,2245,121,4,0
1359,968,5,2,0.1
1360,2919,20,1,0.2
1361,416,69,2,0.1
1362,509,200,4,0.1
1363,1512,186,2,0
1364,2186,48,2,0.2
1365,36,84,2,0.2
1366,1116,132,1,0.1
1367,2067,15,4,0
1368,685,13,4,0
1369,542,62,5,0.2
1370,1505,147,3,0.05
1371,1007,117,2,0.15
1372,451,183,2,0
1373,2622,156,1,0
1374,1546,35,1,0
1375,1888,136,4,0.15
1376,1618,141,5,0.15
1377,1655,135,4,0.15
1378,2129,91,5,0.1
1379,2943,192,4,0.2
1380,1030,135,4,0
1381,2061,128,2,0.2
1382,150,53,1,0.1
1383,1506,77,1,0.1
1384,1690,98,4,0
1385,1531,7,3,0.05
1386,814,193,1,0
1387,1784,199,2,0.05
1388,2419,195,2,0.15
1389,1237,102,2,0
1390,68,59,4,0
1391,1994,103,4,0.15
1392,1906,96,2,0.05
1393,535,107,1,0
1394,597,164,1,0
1395,1533,14,3,0.05
1396,1584,168,4,0
1397,2451,76,3,0.2
1398,2100,142,4,0
1399,1964,18,3,0
1400,793,80,5,0
1401,46,26,2,0.15
1402,2913,144,3,0
1403,102,131,2,0.15
1404,2135,96,1,0.05
1405,1653,86,5,0.05
1406,1422,160,3,0
1407,1508,14,5,0.1
1408,506,113,4,0.05
1409,2106,10,5,0.15
1410,2320,130,1,0
1411,1548,85,4,0.15
1412,2960,163,3,0
1413,583,196,2,0
1414,2527,99,3,0.05
1415,903,11,1,0
1416,50,35,2,0.05
1417,2332,50,4,0.2
1418,622,110,5,0.1
1419,1046,54,1,0
1420,670,10,3,0.15
1421,1977,17,2,0.05
1422,679,173,4,0
1423,328,172,4,0.2
1424,1404,158,3,0.2
1425,1921,67,5,0.1
1426,2245,190,3,0.15
1427,2724,84,5,0
1428,2736,175,5,0.1
1429,2796,72,5,0.2
1430,1005,58,1,0.05
1431,1980,70,3,0.1
1432,1232,128,4,0
1433,2424,77,3,0
1434,607,143,2,0.2
1435,897,64,4,0
1436,404,179,5,0.1
1437,1487,106,4,0.05
1438,2321,85,3,0
1439,994,42,5,0.05
1440,2716,17,3,0
1441,1785,104,4,0
1442,1697,122,1,0
1443,1518,31,3,0
1444,1993,126,4,0.1
1445,877,104,4,0.2
1446,964,74,2,0.1
1447,676,87,2,0.1
1448,1340,152,4,0.2
1449,340,26,1,0
1450,35,39,5,0.05
1451,2018,24,2,0
1452,9,121,2,0
1453,547,75,3,0.15
1454,2809,180,3,0.15
1455,2343,23,1,0
1456,1269,85,1,0
1457,2388,22,1,0.1
1458,1,50,2,0.05
1459,2009,28,3,0.1
1460,1194,158,5,0
1461,2510,73,2,0
1462,1894,156,3,0
1463,2636,199,5,0
1464,2034,156,2,0.15
1465,1163,9,4,0.2
1466,1388,171,2,0.15
1467,1937,116,3,0.1
1468,1256,76,4,0.05
1469,964,80,3,0
1470,986,119,2,0.15
1471,636,10,1,0
1472,2408,31,2,0
1473,1839,33,2,0.15
1474,301,73,3,0.15
1475,1311,149,2,0.15
1476,1973,112,4,0
1477,2640,172,5,0.15
1478,2408,78,2,0.05
1479,2688,9,3,0
1480,1601,50,3,0
1481,201,9,3,0.05
1482,765,128,4,0.15
1483,1629,182,3,0.05
1484,545,84,4,0.15
1485,1290,193,5,0.2
1486,2867,48,1,0.2
1487,673,65,4,0
1488,1995,86,2,0
1489,575,62,5,0.1
1490,2029,72,2,0.15
1491,740,107,1,0.2
1492,38,162,3,0.15
1493,1405,158,3,0
1494,12,27,4,0.2
1495,2053,52,2,0
1496,1362,175,5,0
1497,2175,101,5,0.1
1498,2509,157,2,0.05
1499,2996,11,4,0.15
1500,2421,141,3,0.1
1501,1870,12,3,0
1502,74,105,5,0.15
1503,258,122,4,0.05
1504,2494,147,2,0
1505,2421,58,4,0
1506,1230,167,1,0.2
1507,940,172,5,0
1508,1618,68,1,0.1
1509,939,11,2,0.2
1510,1841,62,4,0
1511,1762,13,1,0.2
1512,1121,138,5,0.05
1513,67,129,3,0.2
1514,2459,170,1,0.05
1515,2377,55,5,0.15
1516,2263,74,1,0.2
1517,962,100,5,0.15
1518,1346,46,5,0.15
1519,821,4,4,0
1520,1347,166,2,0.05
1521,85,26,2,0.15
1522,2995,67,2,0.15
1523,1198,172,3,0.05
1524,663,110,2,0.15
1525,672,93,1,0.2
1526,1183,80,5,0.15
1527,2248,164,1,0
1528,638,32,1,0
1529,271,200,3,0
1530,465,196,4,0
1531,498,129,5,0.05
1532,2093,32,4,0.15
1533,2517,72,1,0
1534,377,91,2,0.05
1535,776,140,3,0.15
1536,75,159,1,0
1537,665,38,3,0
1538,2139,177,5,0
1539,1961,194,3,0
1540,1394,100,4,0
1541,2099,199,4,0
1542,687,49,5,0.15
1543,1981,199,5,0.15
1544,2857,18,2,0.2
1545,2692,200,4,0.1
1546,1876,100,3,0.15
1547,1511,51,1,0
1548,1856,49,1,0.1
1549,1456,5,3,0.15
1550,1388,107,1,0
1551,1899,22,2,0.2
1552,394,153,5,0.1
1553,478,152,2,0.05
1554,2025,142,5,0.15
1555,1396,31,5,0.2
1556,134,164,3,0
1557,1279,138,4,0
1558,160,28,1,0
1559,2724,36,3,0.2
1560,1555,40,3,0
1561,1688,20,5,0
1562,308,128,3,0.15
1563,1229,105,1,0
1564,1168,84,2,0.15
1565,382,36,5,0.1
1566,2456,26,3,0
1567,390,68,3,0
1568,507,47,5,0
1569,2385,21,2,0
1570,1133,80,5,0.2
1571,2218,21,5,0.1
1572,2829,140,3,0.1
1573,2695,77,1,0.05
1574,167,80,4,0
1575,2695,86,3,0.15
1576,214,36,1,0
1577,2410,2,1,0.05
1578,175,121,3,0.05
1579,2220,28,3,0
1580,2421,144,2,0
1581,1369,44,2,0.15
1582,2331,180,1,0.15
1583,69,121,2,0.15
1584,2901,33,2,0.15
1585,2796,131,2,0.05
1586,22,175,5,0
1587,2363,187,2,0.05
1588,2243,61,1,0.05
1589,865,157,4,0
1590,2162,75,3,0
1591,1657,152,4,0.1
1592,1179,69,2,0.1
1593,511,181,4,0
1594,2656,155,4,0
1595,470,104,5,0
1596,1037,177,2,0.1
1597,756,165,5,0
1598,2749,64,2,0.15
1599,165,60,2,0.15
1600,191,188,1,0.15
1601,1617,35,2,0
1602,462,148,1,0.15
1603,861,184,1,0.2
1604,2852,4,4,0
1605,1399,53,4,0
1606,603,186,1,0.2
1607,1511,84,4,0.05
1608,2702,133,3,0.05
1609,2717,52,2,0
1610,1595,91,2,0.2
1611,2728,170,2,0.05
1612,2003,71,4,0
1613,1033,1,4,0.05
1614,650,16,1,0.15
1615,1880,135,3,0
1616,1694,29,3,0
1617,1161,72,2,0.05
1618,57,122,5,0
1619,2403,117,3,0
1620,2639,58,4,0
1621,2820,71,4,0.05
1622,1105,42,4,0
1623,1795,35,1,0.2
1624,961,166,4,0.05
1625,897,142,5,0.15
1626,593,29,3,0.15
1627,1519,134,3,0.15
1628,405,70,5,0.2
1629,1271,192,4,0
1630,258,146,1,0
1631,1159,65,2,0.2
1632,2738,143,5,0.1
1633,2171,47,4,0.1
1634,14,39,1,0
1635,2825,198,5,0.05
1636,2327,88,1,0.05
1637,793,48,1,0.15
1638,1255,185,4,0
1639,2851,70,5,0
1640,2576,103,5,0.1
1641,2311,92,1,0.05
1642,1933,160,2,0
1643,1331,12,3,0
1644,1931,195,2,0.1
1645,1366,127,2,0.05
1646,2304,5,1,0
1647,2315,36,2,0.05
1648,180,53,4,0.05
1649,2192,190,1,0
1650,2790,141,4,0.15
1651,556,57,2,0
1652,1520,25,1,0
1653,48,151,4,0
1654,1149,165,5,0.05
1655,857,24,3,0
1656,2506,31,1,0.2
1657,1026,154,5,0.15
1658,2577,195,2,0
1659,1950,177,3,0.1
1660,685,169,1,0.2
1661,2006,56,4,0
1662,410,23,5,0.1
1663,940,148,3,0
1664,1750,179,3,0
1665,1853,143,2,0
1666,400,161,5,0
1667,2734,71,2,0
1668,643,60,1,0.15
1669,735,51,2,0
1670,544,76,4,0
1671,2711,116,2,0.1
1672,551,9,1,0.15
1673,2966,53,3,0.15
1674,1228,176,4,0
1675,2818,17,2,0.05
1676,1549,2,2,0
1677,144,137,2,0.15
1678,1722,28,1,0.2
1679,646,55,1,0
1680,1701,28,4,0
1681,2866,43,3,0.15
1682,2131,183,5,0.15
1683,2175,152,5,0
1684,1856,41,5,0.1
1685,2706,146,2,0.05
1686,1741,45,5,0.2
1687,1824,72,3,0
1688,2484,55,1,0
1689,1663,76,4,0.2
1690,2194,120,1,0.2
1691,2382,30,2,0
1692,942,189,5,0.2
1693,464,144,4,0.05
1694,2661,149,2,0
1695,2122,47,5,0
1696,518,62,1,0.1
1697,2486,140,1,0
1698,2208,142,1,0
1699,2151,138,1,0
1700,1070,86,5,0
1701,731,12,4,0.05
1702,841,36,2,0.15
1703,2607,23,5,0
1704,2560,114,1,0.05
1705,2953,163,5,0
1706,1319,118,2,0.15
1707,1132,87,1,0
1708,48,200,1,0.2
1709,2724,177,1,0.2
1710,2962,8,1,0
1711,676,194,5,0
1712,339,177,2,0.05
1713,403,113,5,0.15
1714,1522,15,5,0
1715,2946,39,3,0
1716,1553,173,1,0.2
1717,2065,166,3,0.2
1718,1197,67,2,0
1719,2236,38,5,0.15
1720,2361,139,4,0
1721,2012,134,1,0
1722,720,196,3,0.1
1723,2547,11,3,0.05
1724,1921,11,5,0.05
1725,1915,7,1,0.1
1726,201,1,3,0
1727,1548,89,3,0
1728,1481,186,5,0
1729,2172,39,4,0.05
1730,2307,32,2,0.05
1731,612,69,5,0
1732,1318,95,1,0
1733,1271,44,5,0.05
1734,2989,11,5,0.15
1735,162,161,4,0
1736,1666,54,2,0.05
1737,2467,158,5,0.05
1738,2532,91,1,0.2
1739,2558,200,5,0
1740,516,17,1,0
1741,193,32,4,0
1742,2166,32,5,0.1
1743,21,67,3,0.2
1744,2637,46,5,0.05
1745,2042,64,5,0
1746,1549,184,2,0.1
1747,2654,17,4,0
1748,993,40,1,0
1749,2854,103,5,0.15
1750,1209,186,2,0.1
1751,2341,166,3,0.05
1752,1219,41,1,0
1753,1720,194,2,0
1754,2959,186,5,0.05
1755,877,27,3,0.2
1756,1032,22,4,0.2
1757,168,100,3,0.15
1758,1597,41,3,0.2
1759,1531,194,3,0.2
1760,174,48,4,0.2
1761,939,185,3,0
1762,2227,175,2,0
1763,786,187,1,0.15
1764,347,121,4,0
1765,1685,72,3,0.1
1766,2359,136,5,0
1767,926,188,1,0
1768,989,143,5,0.1
1769,731,71,3,0.15
1770,550,120,5,0.2
1771,2856,16,3,0
1772,1187,176,1,0.2
1773,1194,62,2,0
1774,856,196,3,0
1775,2156,66,5,0
1776,2904,32,4,0.15
1777,909,37,1,0
1778,388,183,5,0.05
1779,2156,120,1,0.1
1780,198,156,2,0
1781,2431,24,2,0.05
1782,888,35,4,0.15
1783,1324,58,1,0.05
1784,143,186,1,0
1785,2507,195,5,0.05
1786,1342,100,1,0.05
1787,2051,105,5,0.15
1788,2149,3,1,0
1789,855,7,1,0.1
1790,438,86,4,0
1791,2252,33,5,0.1
1792,54,63,4,0
1793,1935,164,4,0
1794,2988,73,5,0
1795,2969,107,1,0.1
1796,2786,55,4,0
1797,2498,89,2,0
1798,313,80,5,0
1799,505,135,5,0
1800,446,139,3,0
1801,948,102,5,0.05
1802,1405,7,5,0
1803,1669,50,2,0.2
1804,2962,41,2,0.1
1805,2466,130,2,0
1806,984,116,3,0
1807,1384,108,1,0
1808,1046,10,3,0
1809,2129,138,4,0.15
1810,176,94,1,0.2
1811,1383,61,4,0.05
1812,1756,112,1,0.1
1813,2842,25,1,0.15
1814,528,110,1,0
1815,791,15,5,0
1816,1480,100,4,0.1
1817,363,196,1,0.05
1818,631,176,4,0
1819,1313,191,2,0
1820,719,197,2,0
1821,1395,92,1,0.2
1822,1761,131,5,0
1823,1787,147,1,0.05
1824,2566,125,4,0.2
1825,2300,165,2,0.1
1826,864,135,3,0
1827,166,30,2,0
1828,2272,2,5,0.05
1829,795,88,3,0
1830,1954,171,5,0.15
1831,2166,35,4,0
1832,869,60,3,0.1
1833,2965,32,1,0
1834,2733,95,4,0.15
1835,2843,5,5,0.2
1836,195,130,3,0.1
1837,2380,182,1,0.2
1838,1186,74,5,0
1839,65,183,4,0
1840,2388,43,4,0.2
1841,2449,181,5,0.1
1842,2564,108,5,0.1
1843,1540,200,3,0.2
1844,2264,165,5,0.2
1845,2459,191,4,0
1846,2139,76,2,0.1
1847,1500,149,4,0.15
1848,2330,64,2,0
1849,2316,27,3,0
1850,2050,80,5,0.1
1851,797,45,2,0
1852,758,200,2,0
1853,579,199,4,0.05
1854,2310,144,1,0.05
1855,2549,180,1,0.1
1856,1938,40,4,0.15
1857,483,118,4,0
1858,2630,114,2,0.15
1859,885,80,5,0.15
1860,935,134,5,0
1861,1335,172,5,0
1862,2664,63,5,0
1863,2693,144,1,0.2
1864,1167,1,3,0.05
1865,2719,31,2,0.15
1866,2320,157,4,0
1867,123,141,2,0.05
1868,2419,196,3,0.1
1869,2772,38,4,0.15
1870,1090,24,5,0.05
1871,2347,97,3,0.05
1872,2582,19,2,0
1873,2302,124,4,0
1874,2753,176,2,0.2
1875,780,136,3,0.1
1876,1380,193,1,0
1877,787,199,3,0.05
1878,2218,39,2,0.1
1879,1273,131,3,0.15
1880,167,8,2,0.05
1881,917,1,1,0.15
1882,2105,112,5,0.05
1883,1595,17,1,0
1884,1586,129,2,0
1885,333,172,2,0.2
1886,2507,86,1,0
1887,272,97,5,0
1888,2508,166,3,0
1889,1201,162,5,0
1890,1317,14,4,0.05
1891,726,162,5,0
1892,2386,114,4,0.15
1893,589,13,3,0
1894,2612,72,3,0
1895,2029,113,4,0.1
1896,1154,101,2,0
1897,2926,115,2,0.15
1898,1652,196,4,0.15
1899,533,153,2,0
1900,80,143,1,0.15
1901,2016,186,4,0.05
1902,196,42,5,0.15
1903,2465,18,3,0
1904,1628,135,5,0
1905,276,50,2,0
1906,1860,60,1,0
1907,1287,92,2,0
1908,1413,103,1,0.05
1909,2232,21,4,0
1910,840,43,1,0
1911,2470,42,1,0.05
1912,462,57,4,0
1913,2103,172,3,0
1914,1916,127,5,0.1
1915,1413,97,1,0
1916,894,115,1,0.15
1917,2234,76,3,0
1918,2428,13,2,0.2
1919,2371,83,1,0
1920,1621,76,5,0
1921,388,111,3,0
1922,217,61,4,0
1923,2794,65,1,0.05
1924,1927,137,1,0
1925,1898,190,4,0.15
1926,2103,44,2,0
1927,58,42,1,0.05
1928,2413,138,2,0
1929,2574,50,3,0.1
1930,1720,44,5,0.1
1931,1394,189,4,0.2
1932,2996,176,5,0.05
1933,958,195,4,0.2
1934,949,139,2,0
1935,2111,46,5,0.15
1936,1305,105,1,0
1937,938,147,4,0.15
1938,94,127,5,0.1
1939,2946,163,4,0.05
1940,2789,31,4,0.05
1941,2868,16,4,0.2
1942,2034,61,4,0.1
1943,601,4,3,0.2
1944,10,97,5,0
1945,346,169,2,0
1946,918,162,3,0
1947,2761,41,1,0.05
1948,2781,169,3,0
1949,1373,139,4,0
1950,2813,68,4,0.1
1951,616,188,1,0.1
1952,2668,198,2,0
1953,2338,36,3,0.1
1954,1630,117,5,0
1955,2284,152,5,0.2
1956,2793,69,2,0.05
1957,2554,156,5,0
1958,2240,5,2,0
1959,155,85,1,0.1
1960,2834,187,2,0.15
1961,2222,111,5,0.15
1962,2833,65,5,0
1963,2656,34,3,0.1
1964,1384,189,5,0.1
1965,2268,162,1,0.15
1966,345,73,3,0.05
1967,2565,140,5,0.05
1968,147,178,4,0
1969,1463,46,2,0.1
1970,1646,115,4,0.05
1971,803,139,2,0
1972,2522,116,3,0.05
1973,320,158,1,0.15
1974,2572,170,4,0.05
1975,2501,137,4,0.05
1976,2220,39,5,0.1
1977,1788,130,4,0.15
1978,631,34,3,0.1
1979,2363,51,4,0.15
1980,157,165,5,0
1981,2792,135,1,0.05
1982,2636,48,2,0
1983,213,179,3,0
1984,2718,93,4,0.05
1985,2981,159,3,0.15
1986,1871,146,1,0
1987,2757,32,2,0
1988,2220,46,3,0.2
1989,1535,69,3,0
1990,2145,101,4,0.1
1991,1615,51,2,0
1992,2505,76,2,0.15
1993,1011,163,2,0.15
1994,2182,190,5,0.2
1995,1103,101,2,0.2
1996,797,140,5,0
1997,1394,104,2,0
1998,327,176,3,0
1999,2184,195,3,0.15
2000,1980,46,3,0.05
2001,687,148,2,0.05
2002,2414,57,2,0
2003,2170,156,3,0
2004,916,130,1,0.1
2005,2911,101,3,0
2006,106,166,4,0.1
2007,1077,99,5,0
2008,65,157,3,0.2
2009,1998,198,3,0.2
2010,1072,58,1,0
2011,1256,161,5,0
2012,2767,132,5,0
2013,464,124,5,0.05
2014,676,13,2,0.1
2015,2887,86,5,0
2016,1103,10,1,0.2
2017,1492,54,4,0
2018,362,84,3,0.05
2019,441,84,3,0
2020,440,56,2,0
2021,2537,55,4,0.05
2022,2982,135,1,0
2023,1746,115,3,0
2024,66,159,3,0.2
2025,614,179,1,0
2026,357,10,3,0
2027,1871,99,5,0.1
2028,500,179,5,0.1
2029,1937,144,1,0.1
2030,540,194,4,0
2031,1113,93,2,0
2032,2107,135,5,0.2
2033,1427,103,2,0
2034,1356,143,4,0.05
2035,240,84,5,0.1
2036,1702,194,4,0.1
2037,1812,72,3,0.2
2038,687,36,4,0.15
2039,1384,131,3,0.15
2040,2742,72,5,0.15
2041,1391,188,5,0.05
2042,1490,82,5,0
2043,729,129,2,0
2044,2517,31,1,0.2
2045,2840,110,3,0
2046,558,2,1,0
2047,639,79,3,0.15
2048,941,151,2,0
2049,969,34,1,0.2
2050,1336,82,1,0
2051,23,83,3,0.05
2052,139,134,2,0.15
2053,2593,109,5,0.15
2054,747,175,1,0
2055,1243,73,5,0.1
2056,2527,99,4,0.1
2057,2540,184,4,0
2058,2047,177,2,0.05
2059,1840,164,4,0.15
2060,1199,165,4,0
2061,27,34,3,0.2
2062,2111,190,2,0
2063,1180,54,1,0.1
2064,895,45,5,0.2
2065,434,189,2,0
2066,258,33,2,0.1
2067,587,166,1,0.15
2068,1249,160,1,0
2069,1545,190,1,0
2070,2129,63,4,0
2071,2006,41,2,0.15
2072,2265,119,3,0
2073,2182,43,4,0.05
2074,2125,181,1,0.15
2075,1868,46,2,0
2076,1967,119,3,0
2077,1488,144,3,0.05
2078,556,98,2,0.2
2079,2340,9,3,0
2080,2534,24,5,0.2
2081,2744,190,4,0.05
2082,2694,142,2,0.15
2083,419,101,1,0.1
2084,745,184,4,0
2085,2644,121,2,0
2086,1873,176,2,0
2087,1815,184,2,0.1
2088,2685,150,2,0.2
2089,120,84,2,0
2090,636,148,5,0.1
2091,877,190,4,0
2092,413,188,4,0.2
2093,1340,169,5,0
2094,2623,78,2,0.1
2095,2256,37,2,0
2096,1332,168,3,0.15
2097,1002,148,5,0
2098,1312,143,3,0
2099,1712,32,4,0.15
2100,2641,119,4,0
2101,662,101,3,0
2102,81,147,3,0
2103,1040,148,4,0.1
2104,2931,186,1,0
2105,1831,155,5,0.05
2106,12,48,5,0
2107,1803,18,2,0
2108,1357,64,5,0.05
2109,2159,128,1,0
2110,2009,182,3,0
2111,2374,143,5,0
2112,536,39,1,0.2
2113,2766,193,1,0
2114,1493,102,1,0.1
2115,772,45,1,0
2116,1087,195,5,0.05
2117,2485,176,4,0.1
2118,2063,130,5,0.05
2119,1431,176,2,0.15
2120,2958,181,3,0.15
2121,2107,92,2,0
2122,2611,137,4,0
2123,166,52,1,0
2124,1238,61,4,0.15
2125,336,147,5,0
2126,449,118,1,0
2127,668,54,5,0.2
2128,384,6,2,0.15
2129,2365,43,5,0.15
2130,1427,170,1,0
2131,1241,51,4,0
2132,2678,189,5,0
2133,233,157,2,0
2134,2362,107,4,0
2135,862,176,5,0.05
2136,381,156,1,0
2137,1630,13,2,0.15
2138,622,30,2,0
2139,484,176,4,0.05
2140,1912,193,2,0
2141,472,156,1,0
2142,462,98,4,0
2143,531,47,1,0
2144,2530,185,1,0.05
2145,558,186,3,0.15
2146,2168,195,4,0
2147,811,160,2,0
2148,1203,147,2,0.05
2149,1558,87,2,0.1
2150,55,170,2,0.05
2151,2665,171,3,0.2
2152,2134,27,2,0.2
2153,1156,46,1,0
2154,1166,6,5,0.15
2155,1618,161,5,0
2156,1381,3,5,0.15
2157,1338,35,2,0.1
2158,1175,97,2,0
2159,2423,50,3,0
2160,2956,98,1,0.2
2161,2684,1,2,0.15
2162,2732,146,5,0
2163,526,200,5,0.05
2164,70,199,1,0
2165,1859,31,2,0
2166,782,109,3,0.1
2167,1338,139,3,0.05
2168,1258,196,2,0
2169,111,67,1,0.15
2170,640,7,2,0.05
2171,221,109,1,0
2172,2516,42,4,0
2173,2284,127,3,0
2174,682,154,5,0
2175,1815,185,1,0.05
2176,1746,152,1,0.05
2177,935,34,2,0.2
2178,1153,136,1,0
2179,1309,67,2,0.2
2180,2804,162,1,0
2181,2873,182,3,0
2182,1023,16,1,0
2183,2524,93,4,0.05
2184,2312,197,4,0
2185,1734,79,5,0
2186,1520,114,5,0.15
2187,1426,96,3,0.05
2188,707,64,3,0.05
2189,436,36,3,0.05
2190,1779,1,1,0
2191,2274,16,1,0.2
2192,2107,32,1,0
2193,110,189,4,0.1
2194,942,26,4,0.05
2195,1132,196,1,0.05
2196,664,109,5,0
2197,2230,4,5,0
2198,2977,172,3,0.05
2199,440,38,5,0
2200,2949,28,3,0.15
2201,250,119,1,0
2202,2083,11,4,0.05
2203,417,64,1,0.05
2204,2919,59,3,0
2205,196,74,3,0.1
2206,1129,126,3,0
2207,1641,45,1,0.15
2208,806,7,1,0.1
2209,1783,47,3,0.1
2210,2164,174,3,0.05
2211,1745,181,4,0.1
2212,1040,128,1,0
2213,494,144,1,0
2214,815,172,2,0.1
2215,1649,41,4,0
2216,1792,101,4,0.2
2217,610,21,3,0.1
2218,263,135,2,0.2
2219,567,180,4,0
2220,132,15,3,0.05
2221,1700,109,1,0
2222,1354,161,5,0
2223,278,30,1,0.05
2224,2411,125,4,0
2225,1034,10,1,0.15
2226,2684,68,5,0
2227,2228,197,5,0
2228,2929,145,3,0.1
2229,13,81,2,0.15
2230,2899,17,3,0.2
2231,706,11,3,0.1
2232,2494,129,1,0.2
2233,2416,77,5,0.2
2234,2036,102,5,0.1
2235,2019,164,2,0.15
2236,267,51,4,0.1
2237,1799,176,1,0.2
2238,1699,98,5,0.1
2239,1199,27,4,0.05
2240,408,39,2,0.05
2241,1175,13,4,0.05
2242,2339,69,2,0
2243,714,196,3,0.05
2244,750,54,5,0.15
2245,2421,153,3,0.1
2246,2329,30,5,0.05
2247,61,18,3,0
2248,1765,170,2,0
2249,878,120,1,0.1
2250,1888,139,2,0
2251,365,106,1,0.2
2252,649,170,1,0.15
2253,2706,161,3,0
2254,2236,22,2,0
2255,2804,180,5,0.1
2256,2102,153,5,0.2
2257,2395,115,2,0
2258,343,114,1,0.15
2259,2202,129,5,0
2260,2710,131,1,0.2
2261,290,140,4,0
2262,1246,137,2,0
2263,493,116,3,0.1
2264,2102,189,2,0.1
2265,1804,130,3,0.05
2266,48,139,2,0
2267,106,67,5,0
2268,1716,122,3,0.05
2269,2731,24,2,0.2
2270,774,98,5,0
2271,1227,153,4,0
2272,2655,172,1,0
2273,2093,128,5,0
2274,678,154,4,0.1
2275,2068,39,4,0.15
2276,1607,149,4,0.15
2277,2603,13,3,0
2278,2412,91,2,0.15
2279,483,67,1,0.2
2280,2380,109,1,0
2281,1750,12,4,0.1
2282,2631,64,2,0.05
2283,1164,173,5,0.1
2284,919,86,4,0
2285,439,200,4,0.1
2286,2698,172,4,0
2287,1200,164,1,0.1
2288,1728,180,3,0.2
2289,2498,97,4,0.1
2290,1019,185,3,0.1
2291,1759,7,3,0.05
2292,2096,80,2,0
2293,1819,3,2,0.1
2294,1385,27,4,0
2295,655,92,5,0.2
2296,996,162,4,0
2297,2223,140,2,0
2298,2059,147,2,0
2299,2190,103,5,0.15
2300,2056,59,5,0
2301,1786,36,3,0.05
2302,1965,39,5,0.05
2303,2466,148,1,0.05
2304,91,160,1,0
2305,1229,19,2,0.2
2306,463,151,2,0
2307,2709,194,5,0.15
2308,669,53,4,0
2309,953,55,4,0.15
2310,1670,1,3,0
2311,1019,12,3,0
2312,2279,131,1,0.05
2313,1362,200,1,0
2314,1476,72,3,0.05
2315,593,68,1,0.1
2316,399,110,3,0.15
2317,130,50,3,0
2318,116,146,4,0.05
2319,259,121,4,0.15
2320,268,198,5,0
2321,2868,67,5,0.1
2322,2348,193,5,0.15
2323,172,140,5,0.15
2324,12,103,4,0.2
2325,2258,38,1,0
2326,327,114,3,0.05
2327,2118,27,2,0.2
2328,1338,160,2,0.05
2329,2567,97,3,0.1
2330,1730,158,5,0.1
2331,1020,179,5,0.05
2332,2853,159,5,0.05
2333,1277,130,4,0.1
2334,1280,177,1,0
2335,1394,151,3,0
2336,2703,13,1,0
2337,2514,35,5,0.15
2338,740,15,4,0
2339,1010,179,4,0.15
2340,183,90,1,0
2341,1944,21,4,0.15
2342,2983,16,2,0.2
2343,2442,138,5,0.2
2344,1618,54,4,0
2345,1019,106,2,0
2346,2109,149,3,0
2347,1526,154,1,0.05
2348,1989,2,1,0
2349,2434,168,5,0
2350,557,77,5,0.1
2351,1025,46,1,0
2352,1542,97,3,0.2
2353,2281,158,4,0.05
2354,2038,106,1,0
2355,1786,68,2,0
2356,1273,81,4,0.2
2357,1492,126,4,0
2358,2202,8,5,0.05
2359,1264,197,3,0
2360,788,130,5,0
2361,1742,34,2,0.2
2362,1514,67,4,0.05
2363,536,163,2,0.2
2364,1716,87,3,0
2365,445,102,3,0.1
2366,2492,89,2,0
2367,38,178,4,0
2368,765,31,2,0
2369,1205,47,4,0.05
2370,1960,178,4,0
2371,1644,35,3,0.1
2372,276,100,1,0
2373,324,46,3,0.15
2374,410,24,3,0.2
2375,2062,65,5,0.2
2376,2118,164,4,0
2377,26,195,5,0
2378,444,122,5,0.1
2379,1623,124,4,0.1
2380,524,51,1,0
2381,2367,153,3,0.05
2382,56,70,4,0
2383,2943,105,3,0.2
2384,673,164,4,0
2385,604,187,1,0
2386,220,53,5,0
2387,938,189,4,0
2388,934,111,3,0.15
2389,2412,187,4,0.2
2390,2181,13,4,0.1
2391,1436,163,2,0
2392,1085,132,2,0
2393,524,32,5,0.15
2394,953,129,3,0
2395,1483,193,3,0
2396,129,174,4,0
2397,1252,168,3,0
2398,2672,120,3,0.15
2399,597,51,1,0
2400,574,50,2,0.15
2401,1833,74,5,0.1
2402,2995,126,5,0.15
2403,348,116,4,0.2
2404,1631,196,2,0
2405,2722,76,2,0.05
2406,696,8,2,0.2
2407,2274,138,4,0.15
2408,696,19,4,0
2409,2926,4,5,0
2410,276,156,4,0
2411,171,66,3,0.15
2412,2603,50,1,0.05
2413,2494,59,3,0.15
2414,2234,129,2,0
2415,2557,59,3,0.2
2416,941,79,1,0
2417,2868,163,1,0.1
2418,284,184,4,0.05
2419,1943,130,3,0.1
2420,275,109,3,0
2421,1143,66,3,0.15
2422,1473,67,3,0.05
2423,220,137,2,0.2
2424,2192,93,1,0.05
2425,2469,159,2,0.05
2426,2886,142,1,0
2427,2629,176,3,0
2428,2637,153,1,0
2429,2199,117,5,0.1
2430,2708,66,5,0.15
2431,1582,160,5,0.1
2432,1744,151,5,0.1
2433,635,196,5,0
2434,1254,81,4,0.1
2435,2880,35,4,0
2436,1124,116,2,0
2437,1544,60,1,0.2
2438,367,187,5,0.1
2439,1562,182,3,0
2440,1097,34,2,0.2
2441,2281,167,2,0.1
2442,1842,42,5,0
2443,976,146,1,0
2444,462,166,5,0.05
2445,124,101,2,0.1
2446,861,45,5,0.2
2447,2109,13,5,0.1
2448,869,43,2,0
2449,184,30,1,0
2450,943,45,1,0
2451,259,178,5,0.05
2452,1890,112,4,0
2453,186,8,5,0.2
2454,2587,153,5,0.2
2455,2772,124,4,0
2456,46,141,1,0.2
2457,1211,49,3,0.05
2458,381,74,1,0.15
2459,964,142,3,0
2460,2662,63,1,0.1
2461,2091,194,1,0.2
2462,1977,71,4,0.2
2463,2255,165,2,0
2464,1290,80,4,0.2
2465,2412,81,1,0
2466,15,51,1,0.05
2467,1656,47,1,0
2468,1143,85,5,0.05
2469,1793,20,3,0
2470,2823,12,4,0.05
2471,2738,100,4,0
2472,377,19,1,0.15
2473,1610,95,3,0.2
2474,355,182,1,0.15
2475,921,73,1,0.2
2476,1831,139,3,0
2477,1634,158,5,0
2478,2534,121,1,0.1
2479,2520,4,3,0.2
2480,2301,195,2,0.05
2481,1720,141,2,0
2482,2270,37,4,0.1
2483,2973,146,5,0.1
2484,1660,41,4,0.1
2485,1881,4,5,0
2486,2212,111,5,0.1
2487,2131,163,5,0
2488,1936,136,4,0.2
2489,2517,19,3,0
2490,1520,152,4,0
2491,1487,117,1,0.1
2492,1862,97,1,0.15
2493,2436,61,2,0
2494,357,34,4,0.15
2495,1469,117,5,0.1
2496,2290,48,4,0
2497,1240,21,5,0.2
2498,24,195,5,0
2499,571,19,4,0
2500,1375,131,3,0
2501,1887,125,4,0
2502,2893,24,2,0.05
2503,1216,99,5,0
2504,306,25,5,0.15
2505,2642,142,2,0
2506,377,156,5,0.05
2507,565,112,3,0
2508,667,37,5,0.05
2509,1370,132,5,0
2510,1841,14,3,0.15
2511,2996,94,3,0
2512,432,142,3,0.15
2513,1203,96,4,0.2
2514,186,82,4,0.2
2515,2072,33,1,0.2
2516,2368,37,2,0.2
2517,1504,128,1,0.15
2518,2354,5,1,0
2519,2590,103,2,0.15
2520,1402,105,3,0
2521,1882,44,2,0.2
2522,558,72,4,0
2523,2061,42,5,0.1
2524,1344,185,3,0
2525,240,23,4,0.1
2526,2671,133,2,0
2527,2822,68,4,0
2528,370,35,4,0
2529,1596,139,3,0
2530,1973,17,1,0.2
2531,1440,144,1,0
2532,476,148,3,0
2533,2501,46,4,0.2
2534,448,169,1,0
2535,762,110,1,0.15
2536,179,191,3,0
2537,1805,14,5,0
2538,818,12,1,0.05
2539,291,111,5,0
2540,2788,4,1,0.05
2541,1051,180,1,0.1
2542,2352,80,5,0.15
2543,1341,179,3,0
2544,2646,37,5,0.1
2545,1919,106,5,0.1
2546,2348,55,4,0
2547,539,153,3,0
2548,1935,197,1,0.05
2549,361,160,5,0
2550,1943,52,3,0.2
2551,2206,22,2,0.2
2552,2972,199,1,0
2553,1057,86,1,0
2554,1441,199,5,0.15
2555,2502,104,2,0.15
2556,751,18,4,0
2557,874,187,3,0.05
2558,1049,135,2,0
2559,621,108,5,0
2560,1662,70,5,0.05
2561,160,191,4,0.05
2562,794,151,5,0
2563,2940,65,3,0.1
2564,2062,50,5,0
2565,725,82,2,0.05
2566,2584,77,4,0
2567,2213,13,3,0
2568,218,115,4,0
2569,2887,13,4,0
2570,1840,159,3,0
2571,328,94,4,0
2572,844,145,2,0.15
2573,40,153,1,0.1
2574,1366,197,3,0
2575,175,127,3,0.15
2576,113,171,5,0
2577,957,26,1,0
2578,1896,200,5,0.05
2579,389,154,1,0
2580,1346,76,4,0.15
2581,1594,14,2,0
2582,2597,7,4,0.15
2583,2544,95,2,0
2584,1098,179,1,0.15
2585,726,1,1,0.15
2586,554,47,4,0
2587,2318,92,1,0
2588,647,107,1,0
2589,1309,29,3,0
2590,2947,47,3,0.2
2591,2682,176,5,0
2592,1803,163,5,0
2593,132,113,3,0
2594,2017,26,4,0.15
2595,784,34,4,0.1
2596,2256,13,3,0.15
2597,2417,173,3,0.15
2598,115,60,1,0
2599,40,101,3,0.15
2600,2548,56,3,0.2
2601,2955,4,2,0.15
2602,2372,31,1,0
2603,1427,33,1,0
2604,1755,12,5,0.1
2605,2862,195,3,0
2606,295,139,3,0.15
2607,2513,25,2,0.15
2608,1380,158,5,0
2609,2235,92,3,0.2
2610,998,96,5,0
2611,601,12,3,0.05
2612,290,9,1,0.05
2613,1995,146,5,0
2614,2639,5,4,0.1
2615,1756,141,1,0
2616,2240,100,4,0.05
2617,1077,12,2,0.05
2618,2052,69,2,0.15
2619,893,170,2,0.1
2620,1184,79,5,0.15
2621,1536,58,1,0
2622,1609,126,4,0.05
2623,644,86,3,0
2624,893,42,3,0.2
2625,46,19,4,0
2626,1555,81,3,0
2627,1603,48,3,0
2628,1882,138,3,0
2629,2385,16,2,0.15
2630,2346,180,2,0
2631,907,79,3,0.2
2632,391,18,1,0.15
2633,131,147,1,0.15
2634,1728,174,1,0
2635,1001,2,5,0.1
2636,1696,131,3,0
2637,58,39,1,0
2638,1573,101,4,0
2639,558,158,1,0
2640,2779,86,4,0
2641,2305,143,5,0.05
2642,1325,145,2,0
2643,701,152,5,0.2
2644,1735,80,2,0.05
2645,191,60,2,0.05
2646,2749,46,1,0.15
2647,580,118,3,0
2648,2133,48,1,0
2649,1893,119,1,0.15
2650,2441,33,1,0.05
2651,470,24,3,0.2
2652,664,58,5,0
2653,742,49,4,0.15
2654,690,26,5,0.15
2655,2705,44,1,0
2656,2149,32,5,0.1
2657,2003,186,1,0.15
2658,1500,145,1,0.05
2659,436,198,1,0.1
2660,1789,55,5,0
2661,1362,141,5,0
2662,2992,151,3,0.1
2663,1900,177,4,0
2664,2884,177,1,0.05
2665,2278,133,1,0.15
2666,207,193,3,0
2667,1961,137,5,0.2
2668,885,18,5,0.05
2669,2494,40,5,0.1
2670,1965,45,5,0
2671,1359,80,1,0.15
2672,394,132,2,0
2673,2959,194,4,0
2674,5,14,2,0.1
2675,876,158,3,0.1
2676,523,161,2,0
2677,2714,40,1,0
2678,364,72,3,0.05
2679,1142,168,2,0.15
2680,540,192,5,0.15
2681,450,17,4,0
2682,2365,155,2,0.15
2683,42,173,2,0.15
2684,2570,189,1,0
2685,148,163,2,0
2686,1135,183,2,0
2687,538,34,4,0.05
2688,1472,33,1,0
2689,1528,184,2,0
2690,536,129,1,0.05
2691,1375,13,4,0
2692,1622,51,1,0.15
2693,236,89,5,0
2694,1803,117,4,0
2695,1630,150,1,0.1
2696,2201,58,2,0.2
2697,291,176,1,0.15
2698,664,154,1,0.05
2699,2797,176,1,0.05
2700,1223,97,5,0
2701,652,150,5,0
2702,489,8,3,0
2703,2217,71,1,0.1
2704,1586,101,2,0
2705,2325,21,2,0
2706,1720,125,1,0.1
2707,229,94,4,0.1
2708,1510,107,4,0.05
2709,167,99,2,0.15
2710,1614,40,1,0.1
2711,2098,101,3,0
2712,248,78,5,0
2713,1044,77,1,0.05
2714,1768,101,2,0.15
2715,1255,155,2,0.15
2716,921,146,4,0
2717,35,78,5,0.05
2718,686,117,2,0
2719,692,99,2,0.05
2720,482,23,3,0
2721,1048,56,4,0.15
2722,563,190,3,0.15
2723,2273,179,3,0
2724,2759,39,1,0.15
2725,2109,132,1,0.1
2726,2020,153,5,0
2727,2551,105,2,0.15
2728,984,186,3,0.2
2729,2914,22,5,0.1
2730,2797,98,3,0
2731,824,144,3,0.2
2732,981,35,3,0.05
2733,765,94,1,0
2734,2178,61,2,0
2735,1068,52,1,0.2
2736,2825,62,1,0
2737,2894,94,5,0.05
2738,1662,8,3,0.15
2739,1094,95,4,0.2
2740,2981,100,5,0.15
2741,1101,128,3,0.2
2742,1858,103,5,0.15
2743,2952,69,3,0
2744,1477,62,4,0
2745,2312,121,3,0.05
2746,1584,187,5,0.2
2747,2060,98,1,0.05
2748,855,72,2,0
2749,726,88,3,0
2750,91,138,1,0.1
2751,1361,159,3,0.1
2752,359,88,2,0.2
2753,1635,153,2,0
2754,1521,148,4,0.05
2755,1238,115,2,0
2756,982,4,4,0.2
2757,1132,35,2,0
2758,2939,151,1,0
2759,744,99,1,0.2
2760,1172,14,3,0.15
2761,2231,150,2,0
2762,645,107,1,0
2763,1298,80,2,0.15
2764,229,116,5,0.05
2765,902,169,4,0
2766,428,175,1,0
2767,2188,166,1,0.05
2768,2175,92,2,0
2769,493,21,3,0.15
2770,2249,115,1,0.1
2771,1151,82,2,0
2772,1486,169,3,0.15
2773,722,111,5,0.2
2774,1887,67,3,0.2
2775,2787,167,4,0
2776,461,128,2,0.15
2777,671,166,1,0.15
2778,2167,106,3,0.15
2779,605,57,4,0.05
2780,1856,34,5,0.05
2781,1640,175,3,0.05
2782,772,50,4,0
2783,457,72,1,0.15
2784,192,196,3,0.2
2785,625,113,5,0
2786,101,95,3,0.15
2787,2127,169,1,0
2788,104,39,4,0.2
2789,2796,46,2,0
2790,1267,48,3,0.05
2791,2714,50,1,0.05
2792,109,155,3,0
2793,2350,178,1,0.2
2794,892,196,4,0.1
2795,2571,178,1,0.05
2796,674,9,2,0
2797,812,97,5,0
2798,1438,182,2,0.1
2799,1601,46,1,0.1
2800,2642,48,5,0.15
2801,2586,125,2,0
2802,524,185,3,0.1
2803,1443,169,2,0
2804,608,44,2,0.15
2805,2840,198,4,0
2806,2865,158,2,0.1
2807,2472,156,2,0
2808,1177,94,4,0.15
2809,2841,57,3,0
2810,530,59,4,0.05
2811,357,130,3,0
2812,1924,102,1,0
2813,2258,118,1,0.1
2814,768,100,5,0.05
2815,495,196,5,0.2
2816,649,52,4,0
2817,405,4,4,0
2818,639,102,1,0
2819,2642,142,2,0.1
2820,2777,144,2,0.15
2821,368,127,4,0.15
2822,1074,137,3,0.2
2823,1649,123,2,0
2824,1813,193,3,0
2825,595,54,2,0.15
2826,626,37,2,0.15
2827,2083,5,1,0.2
2828,2489,75,3,0
2829,1418,144,5,0
2830,2939,171,2,0
2831,1449,104,1,0.05
2832,750,159,3,0
2833,1523,168,1,0.05
2834,993,163,4,0.2
2835,1003,18,1,0.1
2836,228,70,4,0.15
2837,2015,71,1,0.2
2838,968,2,4,0.15
2839,1292,59,5,0
2840,500,168,5,0
2841,609,4,1,0
2842,1579,45,4,0.15
2843,235,131,3,0.15
2844,1636,59,5,0.2
2845,2950,122,3,0.05
2846,260,81,3,0.2
2847,1951,12,3,0
2848,1030,146,1,0.2
2849,714,161,1,0
2850,355,110,3,0
2851,318,145,3,0
2852,1755,70,1,0.1
2853,2747,24,5,0.15
2854,1540,152,2,0.1
2855,1315,116,5,0.05
2856,1466,48,1,0.05
2857,3,36,1,0
2858,692,112,2,0.15
2859,62,19,5,0.2
2860,2671,128,1,0
2861,2986,170,1,0
2862,1260,19,2,0.1
2863,998,193,4,0.1
2864,1653,119,5,0.1
2865,2652,117,4,0
2866,2320,134,4,0
2867,304,43,4,0.05
2868,1982,60,1,0.2
2869,2466,198,2,0
2870,1794,167,4,0.15
2871,116,118,3,0.15
2872,2363,136,5,0.1
2873,1947,167,5,0.05
2874,1444,61,2,0.15
2875,2806,147,3,0
2876,473,155,1,0.15
2877,1566,85,3,0
2878,127,132,5,0.15
2879,1372,47,2,0
2880,593,12,2,0
2881,2401,18,3,0.2
2882,97,199,3,0.05
2883,1549,70,3,0.1
2884,2622,117,3,0.05
2885,29,183,1,0
2886,575,108,5,0.05
2887,1621,79,3,0.1
2888,2726,196,4,0.05
2889,1643,77,5,0.05
2890,2430,116,3,0
2891,1720,52,4,0
2892,1748,177,1,0
2893,1355,9,1,0.05
2894,1001,91,3,0.15
2895,904,121,2,0
2896,2412,190,4,0
2897,2315,110,5,0
2898,1903,113,1,0
2899,2601,145,3,0
2900,2332,179,4,0
2901,1316,53,1,0.15
2902,1520,152,4,0.15
2903,33,46,3,0
2904,452,42,5,0
2905,1896,106,2,0.05
2906,1228,61,1,0.2
2907,1287,158,3,0.1
2908,2543,144,5,0.2
2909,1374,157,4,0
2910,1154,106,4,0
2911,1223,85,3,0.2
2912,1197,191,2,0
2913,2905,66,1,0.2
2914,1251,157,1,0.05
2915,2333,155,5,0
2916,2489,63,3,0
2917,2369,116,3,0
2918,2355,70,4,0
2919,71,135,5,0
2920,599,58,1,0.1
2921,1345,129,4,0
2922,2480,186,4,0.15
2923,896,148,5,0.15
2924,2140,150,3,0
2925,1021,41,1,0
2926,2339,115,2,0
2927,2832,45,1,0.2
2928,1961,195,1,0.05
2929,1339,78,5,0
2930,790,74,4,0
2931,1380,121,5,0
2932,515,10,2,0
2933,176,78,3,0.1
2934,1773,78,4,0
2935,608,186,5,0
2936,2321,14,1,0
2937,1458,28,2,0.2
2938,471,53,4,0
2939,1612,92,5,0.15
2940,2437,101,2,0
2941,2386,87,4,0
2942,2275,111,1,0.1
2943,2497,56,1,0
2944,2892,93,5,0
2945,775,67,3,0.05
2946,1589,57,1,0
2947,913,139,5,0
2948,197,53,3,0
2949,781,105,2,0.15
2950,556,9,2,0
2951,1270,118,3,0
2952,1086,105,2,0.15
2953,442,5,3,0
2954,2717,116,5,0.05
2955,2067,190,4,0.2
2956,2213,8,1,0.1
2957,2668,81,2,0.1
2958,1150,98,5,0
2959,627,168,1,0.15
2960,2715,125,4,0
2961,264,120,3,0
2962,154,78,2,0.2
2963,1305,15,2,0
2964,2198,94,1,0
2965,664,144,5,0
2966,1730,101,3,0
2967,1837,193,3,0.15
2968,654,51,2,0
2969,2132,40,5,0.2
2970,958,3,2,0
2971,551,85,4,0.1
2972,442,56,2,0
2973,941,6,2,0
2974,1039,105,4,0.05
2975,278,188,1,0.15
2976,1753,117,3,0.2
2977,44,113,4,0
2978,1960,157,5,0
2979,1292,64,1,0
2980,1139,165,3,0
2981,230,21,2,0
2982,2383,143,3,0.2
2983,1998,44,2,0
2984,888,70,2,0
2985,521,139,3,0.05
2986,279,149,1,0
2987,1861,184,2,0
2988,2712,34,3,0
2989,1530,15,4,0.2
2990,2959,106,3,0.15
2991,2239,119,1,0.2
2992,1951,165,4,0
2993,1067,106,1,0.1
2994,2461,47,3,0
2995,1583,93,5,0
2996,2199,113,2,0.2
2997,2776,121,2,0
2998,2072,17,2,0
2999,1298,154,1,0.2
3000,2396,177,3,0.05
3001,1615,195,5,0
3002,2919,66,5,0.15
3003,604,64,4,0
3004,2570,49,4,0.1
3005,313,48,1,0
3006,347,23,1,0
3007,2175,118,5,0
3008,966,179,3,0.15
3009,2265,107,5,0
3010,2743,19,4,0.2
3011,203,125,3,0.15
3012,148,162,2,0.1
3013,619,91,1,0.1
3014,2538,159,3,0.15
3015,1454,46,5,0
3016,449,127,1,0
3017,719,37,4,0.05
3018,1043,64,2,0.1
3019,1862,47,2,0
3020,1478,75,2,0
3021,463,97,2,0.05
3022,2782,83,3,0.1
3023,2647,98,2,0
3024,7,178,5,0.2
3025,801,52,3,0
3026,1238,114,1,0
3027,2058,133,4,0.1
3028,2455,149,3,0
3029,1110,119,1,0.2
3030,681,3,3,0.1
3031,2799,97,5,0.15
3032,1431,19,5,0.2
3033,1283,49,4,0.05
3034,1055,160,2,0.05
3035,1750,163,2,0
3036,2449,190,3,0.05
3037,956,69,2,0.05
3038,2040,122,3,0.2
3039,699,41,3,0.1
3040,630,5,4,0
3041,1636,90,5,0
3042,581,155,2,0
3043,2680,95,5,0.15
3044,646,39,5,0
3045,480,19,3,0.2
3046,1682,56,1,0
3047,2423,82,3,0.2
3048,2724,180,5,0.05
3049,953,112,2,0.05
3050,2738,185,2,0.15
3051,1674,45,5,0.15
3052,1216,171,2,0
3053,1768,97,1,0
3054,2717,67,5,0.1
3055,111,166,5,0
3056,398,50,2,0.15
3057,439,58,5,0.2
3058,166,12,3,0.1
3059,2190,58,2,0
3060,2632,22,2,0.2
3061,622,25,2,0.2
3062,313,96,3,0.1
3063,2715,29,3,0.1
3064,630,112,5,0.05
3065,2195,128,4,0
3066,35,27,5,0
3067,2175,84,3,0.1
3068,2201,15,4,0
3069,1252,193,2,0.2
3070,2760,1,1,0.2
3071,1591,46,5,0.1
3072,2040,114,5,0.05
3073,1002,81,5,0
3074,1589,164,4,0
3075,1636,192,3,0.2
3076,487,153,4,0.15
3077,530,56,3,0.15
3078,739,29,5,0
3079,2929,112,2,0
3080,308,50,2,0
3081,1252,177,1,0
3082,1165,42,5,0
3083,2179,56,1,0
3084,1990,131,5,0.2
3085,2868,29,1,0.05
3086,2520,115,2,0.2
3087,1665,151,5,0.1
3088,2511,72,5,0.15
3089,2158,25,2,0.1
3090,2861,51,1,0.15
3091,2251,6,1,0
3092,1770,109,4,0
3093,2819,191,2,0.15
3094,9,16,1,0
3095,806,192,2,0.1
3096,1379,50,5,0.05
3097,773,25,1,0
3098,2588,12,3,0.2
3099,736,70,2,0.1
3100,963,141,1,0
3101,2266,177,2,0.05
3102,2523,44,5,0.2
3103,2505,16,1,0.05
3104,1631,137,4,0
3105,1874,194,4,0
3106,931,46,5,0
3107,2055,157,4,0.15
3108,835,55,4,0.05
3109,342,130,3,0.15
3110,468,162,5,0.2
3111,1649,46,4,0.05
3112,430,64,4,0.1
3113,1249,199,1,0
3114,305,49,2,0.15
3115,2072,41,2,0
3116,2937,156,2,0
3117,2757,139,5,0.15
3118,917,90,2,0.05
3119,2458,187,1,0.1
3120,1954,84,1,0.05
3121,1976,127,4,0
3122,2666,12,4,0.2
3123,2577,186,3,0.2
3124,2384,43,1,0.15
3125,2205,134,1,0.2
3126,2680,69,2,0.2
3127,308,160,2,0.05
3128,2486,114,4,0
3129,1887,129,1,0
3130,2431,108,5,0.2
3131,2185,165,2,0.1
3132,2838,77,3,0.15
3133,2038,46,1,0.15
3134,2998,39,4,0.05
3135,1510,179,4,0.1
3136,1575,196,2,0.1
3137,1450,148,1,0
3138,1326,115,2,0
3139,2527,130,5,0.1
3140,666,88,3,0
3141,2468,70,4,0.15
3142,2607,3,4,0.15
3143,1221,35,5,0.2
3144,2490,6,4,0
3145,2570,122,2,0.2
3146,2529,106,4,0.1
3147,1248,17,4,0.1
3148,2535,102,4,0
3149,2304,1,5,0.2
3150,2439,118,3,0.15
3151,2785,128,3,0.1
3152,1442,176,5,0.2
3153,2339,73,4,0
3154,309,131,2,0.2
3155,2492,130,3,0
3156,1684,119,2,0
3157,1878,133,3,0
3158,1633,188,5,0.1
3159,2185,28,4,0
3160,2394,137,1,0
3161,1188,81,1,0.2
3162,2478,43,5,0.2
3163,1616,3,3,0
3164,485,9,2,0.05
3165,572,118,1,0.05
3166,1640,75,5,0.1
3167,251,5,5,0
3168,1109,137,3,0
3169,2131,27,2,0
3170,2279,139,5,0.1
3171,779,171,1,0
3172,1977,79,5,0.1
3173,971,159,5,0.15
3174,1941,68,1,0.1
3175,1424,107,2,0
3176,612,115,3,0
3177,194,1,2,0
3178,2784,89,4,0.2
3179,2781,104,1,0.1
3180,2444,92,2,0
3181,1465,100,3,0
3182,2286,67,5,0
3183,1796,139,3,0.05
3184,1839,146,1,0.1
3185,1966,185,1,0.15
3186,485,136,4,0
3187,1698,165,1,0
3188,463,162,2,0.05
3189,1526,177,1,0
3190,946,70,3,0
3191,1033,34,5,0.1
3192,178,101,4,0
3193,2725,88,4,0.1
3194,1642,96,2,0
3195,159,97,2,0.2
3196,517,30,3,0
3197,2504,153,4,0.2
3198,1957,36,3,0.05
3199,731,48,2,0
3200,2495,3,3,0
3201,883,163,3,0.05
3202,121,67,4,0
3203,1968,100,3,0.1
3204,1182,176,3,0
3205,2447,58,5,0.05
3206,1337,44,1,0.2
3207,950,137,2,0
3208,26,126,1,0
3209,1178,86,3,0
3210,417,43,5,0
3211,14,190,2,0.05
3212,524,169,2,0
3213,279,184,4,0
3214,2622,37,4,0.05
3215,644,109,3,0.1
3216,2632,140,2,0.1
3217,1420,143,3,0.15
3218,2766,83,5,0
3219,701,47,5,0.15
3220,1251,44,3,0
3221,2920,81,1,0.05
3222,474,129,3,0.05
3223,1509,158,1,0.05
3224,273,15,3,0
3225,2168,164,1,0
3226,1264,154,1,0
3227,1836,117,3,0
3228,1932,59,3,0.15
3229,880,92,2,0
3230,1796,136,3,0
3231,1890,31,3,0.1
3232,1230,180,5,0.05
3233,817,67,3,0.2
3234,2471,53,1,0
3235,948,126,5,0.1
3236,125,57,2,0
3237,2171,56,4,0
3238,282,177,2,0
3239,2640,134,5,0
3240,1750,10,5,0.05
3241,2073,137,2,0.2
3242,2281,18,3,0.2
3243,714,123,5,0.05
3244,805,3,3,0.2
3245,2273,112,2,0
3246,2803,17,3,0
3247,501,114,3,0.05
3248,1339,170,2,0
3249,2986,58,4,0.2
3250,2097,13,1,0.1
3251,2313,28,3,0.05
3252,2809,123,2,0
3253,1144,98,4,0
3254,1963,114,4,0
3255,2427,102,5,0
3256,1272,58,2,0.2
3257,1623,35,5,0.1
3258,2358,66,4,0.15
3259,1762,68,3,0
3260,2497,151,5,0.1
3261,119,177,1,0
3262,198,137,5,0.1
3263,1394,123,2,0.1
3264,70,137,2,0.2
3265,2801,182,3,0
3266,390,181,1,0.1
3267,2435,105,5,0
3268,1178,44,3,0.05
3269,1135,189,5,0.2
3270,2117,77,5,0.2
3271,2745,158,4,0.1
3272,1519,113,2,0.1
3273,1520,199,4,0
3274,2602,182,5,0
3275,2130,33,5,0.15
3276,456,152,1,0
3277,588,19,4,0.15
3278,2392,119,5,0.1
3279,2705,170,1,0.2
3280,564,77,5,0.1
3281,769,164,5,0.2
3282,1851,21,4,0
3283,1345,193,5,0.1
3284,1226,68,3,0.2
3285,406,69,2,0.05
3286,2034,195,2,0.1
3287,1603,134,1,0
3288,747,186,2,0.15
3289,122,54,5,0.1
3290,1400,193,4,0.2
3291,2197,30,1,0.1
3292,1007,157,4,0.2
3293,2207,21,3,0
3294,2362,3,1,0.15
3295,2529,169,5,0.15
3296,684,27,4,0.05
3297,2364,13,3,0
3298,606,144,4,0.05
3299,2397,54,2,0.2
3300,1531,23,3,0.15
3301,2067,138,1,0.2
3302,2957,119,1,0.2
3303,2740,82,2,0
3304,2758,102,1,0.15
3305,498,32,5,0
3306,2395,21,1,0
3307,2182,33,5,0.05
3308,1260,35,3,0
3309,497,63,4,0
3310,2351,16,5,0
3311,2192,26,5,0.15
3312,504,11,3,0
3313,250,35,3,0
3314,2928,119,2,0.05
3315,286,88,5,0.05
3316,843,98,4,0
3317,1802,21,2,0.15
3318,1429,131,5,0.05
3319,2328,63,2,0
3320,992,159,1,0.15
3321,30,161,3,0.1
3322,1318,193,4,0
3323,1503,163,3,0.05
3324,2727,64,1,0.15
3325,1370,99,4,0
3326,2396,125,5,0
3327,1463,89,1,0
3328,1556,75,2,0.05
3329,2781,158,1,0.15
3330,549,131,2,0.05
3331,1992,47,4,0
3332,649,140,5,0.05
3333,2664,97,4,0
3334,1406,64,3,0
3335,2135,22,4,0.2
3336,1045,66,1,0.2
3337,2887,175,4,0
3338,144,27,5,0.15
3339,1892,83,2,0
3340,2194,163,3,0.05
3341,1088,11,3,0
3342,154,49,5,0.1
3343,6,35,4,0
3344,34,68,2,0.05
3345,1720,54,4,0
3346,2086,27,3,0.15
3347,1062,174,3,0.05
3348,476,136,5,0
3349,2425,82,2,0
3350,2357,106,5,0.2
3351,184,108,4,0.05
3352,1066,178,5,0.15
3353,2835,1,5,0
3354,710,130,5,0.2
3355,1140,158,5,0.05
3356,1105,82,3,0
3357,2896,61,3,0.1
3358,1859,35,4,0
3359,1858,69,2,0
3360,2629,109,5,0.1
3361,491,28,4,0.2
3362,1110,199,1,0
3363,1250,54,5,0.1
3364,2142,17,5,0.05
3365,842,141,4,0.05
3366,2671,192,3,0.1
3367,912,188,2,0
3368,1658,73,4,0.05
3369,58,65,1,0
3370,2939,3,5,0
3371,2551,29,3,0
3372,2100,164,4,0
3373,764,140,2,0.05
3374,546,90,3,0.2
3375,684,11,3,0
3376,2684,44,2,0
3377,2504,9,3,0.05
3378,1892,35,1,0
3379,1145,17,1,0
3380,2898,177,4,0.15
3381,2424,181,3,0
3382,2315,56,2,0
3383,1521,200,2,0.2
3384,2257,165,1,0
3385,2546,124,5,0
3386,405,163,2,0
3387,1135,140,4,0
3388,2406,187,5,0.05
3389,619,191,4,0
3390,2353,105,2,0
3391,727,96,1,0.05
3392,1223,37,2,0
3393,58,68,2,0
3394,1718,26,1,0.1
3395,2548,14,1,0
3396,1252,98,5,0.05
3397,407,177,4,0
3398,206,122,1,0
3399,2238,103,4,0.15
3400,2674,44,1,0
3401,144,9,5,0
3402,969,101,4,0.15
3403,556,18,5,0
3404,806,105,5,0.1
3405,128,3,3,0.05
3406,1949,155,3,0
3407,246,25,4,0
3408,560,86,5,0
3409,107,119,2,0.1
3410,1891,23,2,0.2
3411,142,168,4,0
3412,657,24,1,0
3413,2215,98,5,0
3414,2087,121,1,0.15
3415,1597,127,2,0
3416,492,7,3,0
3417,2908,199,3,0.15
3418,1670,29,4,0
3419,2333,43,5,0.2
3420,281,122,1,0.05
3421,1052,79,2,0.05
3422,221,38,2,0.2
3423,1236,76,2,0
3424,1477,37,1,0.15
3425,1628,4,2,0
3426,742,55,5,0
3427,338,37,1,0.1
3428,1113,79,4,0.2
3429,1944,47,4,0.1
3430,93,54,2,0.05
3431,2628,161,3,0
3432,387,58,2,0.05
3433,1676,21,4,0.1
3434,1230,185,5,0
3435,2774,35,3,0
3436,2835,92,5,0.1
3437,1437,29,4,0
3438,539,28,1,0.1
3439,2734,29,3,0.1
3440,2382,24,2,0.2
3441,1761,139,4,0.2
3442,2880,74,5,0.2
3443,2195,106,3,0.05
3444,2278,110,5,0.15
3445,1726,33,2,0.05
3446,1554,16,1,0.1
3447,2153,69,3,0.05
3448,1061,7,5,0.15
3449,946,113,5,0
3450,2313,29,5,0
3451,2010,75,5,0.2
3452,2324,34,1,0.05
3453,1232,12,1,0.05
3454,2340,189,5,0.2
3455,826,101,5,0.15
3456,2562,33,2,0.2
3457,1336,59,3,0.1
3458,1102,131,4,0
3459,1840,11,5,0
3460,481,58,5,0.1
3461,1681,82,3,0.05
3462,768,38,1,0
3463,271,43,2,0.15
3464,2978,126,2,0.2
3465,60,92,3,0
3466,853,195,2,0
3467,250,6,1,0.1
3468,2126,97,2,0.2
3469,1195,191,4,0.05
3470,981,152,1,0.1
3471,20,1,5,0.1
3472,2342,197,5,0
3473,497,65,1,0.05
3474,11,6,5,0.2
3475,379,99,5,0.2
3476,2572,39,2,0
3477,2808,127,2,0.05
3478,2384,173,5,0.2
3479,2365,187,4,0.15
3480,2935,159,1,0.05
3481,37,139,3,0
3482,2226,22,5,0.05
3483,1967,67,4,0
3484,167,13,1,0.1
3485,2415,132,3,0.15
3486,898,64,4,0
3487,397,186,2,0.05
3488,338,25,5,0
3489,1304,24,5,0.1
3490,2646,95,3,0
3491,2054,37,5,0.2
3492,1266,39,1,0
3493,2605,67,1,0
3494,1487,53,3,0.2
3495,980,72,4,0.05
3496,123,115,3,0.05
3497,2355,156,5,0
3498,1161,149,3,0.2
3499,1657,111,4,0
3500,2934,14,1,0
3501,2255,36,3,0.15
3502,2954,5,2,0.15
3503,2209,24,5,0
3504,565,168,2,0.1
3505,1830,153,3,0
3506,612,101,2,0
3507,2175,89,5,0
3508,2036,68,3,0
3509,1916,59,3,0.15
3510,790,106,3,0
3511,911,89,4,0
3512,35,76,1,0
3513,2539,25,5,0
3514,2260,180,3,0
3515,2249,30,4,0
3516,2574,46,3,0
3517,2313,5,3,0.15
3518,1629,30,1,0
3519,1904,155,2,0
3520,227,68,4,0.05
3521,97,14,1,0
3522,2301,63,5,0
3523,1878,23,1,0
3524,2964,191,2,0
3525,521,146,4,0
3526,1438,23,2,0
3527,2683,68,5,0.15
3528,1533,3,4,0.15
3529,1759,112,3,0
3530,2993,194,3,0
3531,1564,186,1,0
3532,2684,46,2,0.05
3533,1717,57,3,0.05
3534,104,28,5,0
3535,1364,61,1,0
3536,2045,185,2,0.15
3537,1267,126,2,0
3538,963,90,5,0.05
3539,341,126,4,0.1
3540,693,42,3,0.2
3541,416,192,2,0.2
3542,1880,172,2,0.05
3543,1856,1,5,0.05
3544,1714,181,4,0
3545,2863,103,2,0.2
3546,533,71,1,0.1
3547,1811,105,5,0.05
3548,2092,70,5,0
3549,1939,120,1,0.15
3550,654,149,1,0.15
3551,851,93,1,0
3552,1691,28,5,0
3553,2051,145,4,0
3554,597,33,2,0
3555,1114,54,3,0
3556,1259,186,4,0.15
3557,1550,141,2,0
3558,618,23,3,0.2
3559,2610,111,3,0.1
3560,1460,42,3,0
3561,2355,45,1,0.05
3562,2704,177,3,0.2
3563,1160,165,1,0.2
3564,507,26,5,0.05
3565,802,140,5,0
3566,2176,38,4,0
3567,11,172,4,0
3568,1257,58,3,0.15
3569,2404,74,5,0.2
3570,2060,46,1,0.1
3571,2117,71,5,0.2
3572,1720,138,1,0.05
3573,1660,67,1,0
3574,403,26,1,0
3575,374,42,3,0
3576,804,169,3,0
3577,2975,48,2,0.2
3578,121,31,4,0
3579,1274,157,5,0.05
3580,18,62,4,0
3581,412,183,5,0.05
3582,217,15,2,0
3583,256,179,2,0
3584,2436,115,5,0.2
3585,2426,160,5,0
3586,329,23,3,0
3587,55,54,3,0.05
3588,479,62,1,0.2
3589,2826,128,1,0.1
3590,1912,196,5,0.05
3591,187,200,1,0.15
3592,1590,40,3,0.15
3593,2930,158,1,0.15
3594,2079,67,1,0.1
3595,2655,73,4,0.2
3596,2146,85,3,0
3597,2576,31,1,0
3598,1793,88,2,0
3599,2172,43,1,0
3600,1936,43,5,0.1
3601,2769,114,5,0.15
3602,15,121,2,0.2
3603,1917,154,1,0.15
3604,929,120,1,0.05
3605,434,110,1,0.1
3606,2828,132,1,0.2
3607,2522,121,2,0
3608,831,174,5,0.2
3609,2409,163,4,0
3610,1971,126,1,0.1
3611,811,125,3,0.2
3612,929,11,4,0.05
3613,2293,28,1,0
3614,1175,141,1,0.15
3615,2961,184,5,0
3616,1442,120,5,0
3617,61,44,3,0.15
3618,1201,50,2,0
3619,1619,48,2,0.2
3620,498,101,5,0
3621,1575,155,4,0.1
3622,1444,117,3,0.05
3623,2730,121,1,0.05
3624,1813,175,3,0
3625,1790,159,1,0
3626,2368,94,2,0
3627,1319,15,1,0.2
3628,1666,77,2,0.05
3629,298,2,4,0
3630,892,51,3,0
3631,2658,134,3,0.2
3632,642,73,2,0.15
3633,2847,29,5,0.1
3634,910,148,2,0
3635,2220,75,5,0
3636,903,7,1,0
3637,439,190,4,0.1
3638,306,4,3,0.2
3639,937,12,2,0
3640,1509,19,4,0.05
3641,2948,94,5,0.05
3642,2861,75,4,0.15
3643,1004,60,5,0.2
3644,1352,60,3,0.1
3645,372,24,1,0
3646,70,31,3,0.05
3647,1723,67,2,0.05
3648,2071,150,4,0.2
3649,501,82,4,0
3650,2261,87,3,0.15
3651,456,36,5,0.2
3652,313,115,4,0
3653,404,35,2,0.1
3654,1525,196,5,0.05
3655,2076,26,3,0
3656,1064,40,4,0.2
3657,2620,12,5,0.05
3658,659,59,4,0
3659,629,76,3,0.05
3660,1515,198,3,0.05
3661,1895,120,2,0
3662,1467,17,4,0
3663,112,118,2,0
3664,2049,119,1,0
3665,1574,68,4,0.1
3666,2627,193,2,0.05
3667,2723,186,1,0
3668,401,125,3,0
3669,935,136,1,0.2
3670,761,114,3,0.2
3671,299,78,5,0.2
3672,1329,181,4,0.15
3673,742,99,1,0
3674,2305,45,3,0
3675,1616,176,5,0.05
3676,605,116,2,0.1
3677,2115,77,1,0.05
3678,1707,110,3,0
3679,43,115,4,0.15
3680,848,37,4,0
3681,2894,53,3,0
3682,2977,141,4,0.05
3683,1711,178,2,0
3684,2473,33,2,0.1
3685,1767,185,5,0.2
3686,1947,156,1,0.05
3687,2752,178,1,0.2
3688,1079,133,5,0.05
3689,2423,174,2,0
3690,236,178,3,0.2
3691,1518,200,2,0
3692,25,89,1,0.15
3693,2150,155,2,0.05
3694,820,148,4,0.15
3695,344,84,5,0.2
3696,1841,110,3,0.2
3697,37,81,2,0.15
3698,2688,189,3,0.05
3699,1845,15,4,0.1
3700,2439,119,4,0.15
3701,1389,89,3,0
3702,1788,20,5,0.15
3703,114,62,5,0
3704,603,47,4,0
3705,1649,192,2,0.05
3706,2985,53,2,0
3707,2893,46,2,0.15
3708,604,124,1,0
3709,308,119,3,0.15
3710,2008,110,5,0
3711,2015,28,4,0
3712,235,200,3,0
3713,2527,140,3,0
3714,1184,69,5,0.05
3715,2364,142,2,0
3716,1536,45,1,0.2
3717,1741,149,1,0
3718,2395,46,2,0
3719,739,192,4,0.1
3720,2252,4,1,0
3721,756,174,4,0
3722,2030,20,1,0.05
3723,2238,7,1,0.05
3724,1903,195,1,0
3725,330,103,2,0.05
3726,162,88,1,0
3727,1193,150,2,0
3728,757,106,4,0
3729,1040,72,4,0.1
3730,917,29,4,0
3731,2307,72,4,0.05
3732,990,143,1,0.1
3733,911,145,1,0.15
3734,1629,194,3,0
3735,250,41,3,0.1
3736,2985,157,5,0
3737,446,179,5,0
3738,2477,58,2,0.05
3739,2871,41,4,0
3740,2216,23,2,0.1
3741,483,100,2,0
3742,2672,13,3,0.2
3743,2307,110,1,0
3744,1764,184,4,0.05
3745,1619,166,3,0.2
3746,704,117,2,0.1
3747,2640,78,3,0
3748,2409,126,3,0.1
3749,2567,151,3,0
3750,1855,186,1,0.1
3751,2237,112,3,0.2
3752,12,108,4,0
3753,1691,6,2,0
3754,2235,3,1,0.1
3755,704,153,1,0
3756,763,198,1,0
3757,1226,61,5,0
3758,1145,67,5,0.1
3759,142,150,2,0
3760,643,90,2,0
3761,845,45,1,0
3762,1003,92,1,0
3763,631,96,3,0
3764,244,30,5,0.15
3765,927,87,3,0
3766,2941,175,1,0
3767,1659,149,5,0.2
3768,2271,144,3,0.15
3769,853,160,2,0.2
3770,1006,50,2,0
3771,1009,101,2,0.1
3772,1748,34,1,0.2
3773,2202,7,3,0.1
3774,2206,166,2,0
3775,518,69,3,0
3776,663,149,1,0.05
3777,1366,193,5,0.05
3778,1283,157,5,0.1
3779,549,15,1,0
3780,995,128,4,0
3781,309,124,4,0
3782,2409,96,3,0
3783,269,4,4,0
3784,2439,199,3,0.15
3785,381,145,2,0.05
3786,1401,160,1,0.1
3787,543,47,4,0.05
3788,312,180,2,0
3789,1973,96,2,0.15
3790,1642,33,4,0.2
3791,1123,122,3,0
3792,2736,131,4,0
3793,1570,27,2,0.15
3794,105,159,4,0
3795,1838,197,2,0
3796,19,147,5,0
3797,2703,190,5,0
3798,1292,36,3,0
3799,783,43,1,0
3800,1450,177,2,0.2
3801,1360,91,1,0
3802,386,70,2,0.15
3803,572,26,5,0.15
3804,431,77,2,0.15
3805,203,133,4,0.05
3806,2422,119,2,0
3807,1910,155,2,0
3808,2837,190,3,0.2
3809,538,40,1,0.1
3810,2234,61,3,0.15
3811,2767,83,5,0.2
3812,449,152,2,0.15
3813,31,78,5,0.05
3814,2018,11,4,0.05
3815,2598,98,5,0
3816,856,61,2,0.1
3817,2415,143,4,0
3818,391,92,5,0
3819,680,88,4,0.15
3820,2224,171,3,0.05
3821,1127,15,5,0
3822,2608,129,3,0.15
3823,2160,136,2,0.2
3824,2218,44,3,0.15
3825,1791,182,4,0
3826,1657,45,1,0.15
3827,2081,69,4,0.05
3828,514,169,5,0.2
3829,690,93,3,0
3830,2612,82,3,0
3831,2399,101,2,0.1
3832,652,45,2,0.2
3833,1436,3,1,0.1
3834,752,91,4,0
3835,1229,115,2,0.1
3836,1685,49,5,0.2
3837,1032,47,1,0
3838,695,42,2,0
3839,358,74,5,0.1
3840,717,153,1,0.2
3841,56,156,4,0.05
3842,698,178,4,0
3843,551,105,4,0
3844,1075,88,1,0.1
3845,1480,111,2,0
3846,274,123,3,0.15
3847,162,5,2,0.1
3848,307,13,1,0.1
3849,900,63,3,0.2
3850,823,138,5,0
3851,551,42,3,0.2
3852,1900,24,1,0.1
3853,911,98,1,0.15
3854,192,108,1,0.1
3855,589,119,4,0.15
3856,153,83,4,0
3857,1640,29,4,0.2
3858,225,122,4,0.2
3859,532,101,3,0
3860,2903,135,3,0
3861,61,147,3,0
3862,1897,45,2,0
3863,1736,24,4,0.2
3864,1744,169,2,0.2
3865,914,173,1,0
3866,812,106,1,0
3867,2634,159,3,0
3868,2919,24,4,0
3869,563,52,1,0.05
3870,1430,71,3,0
3871,806,118,2,0.05
3872,1925,169,4,0.1
3873,1483,123,4,0.2
3874,130,109,2,0.2
3875,1029,155,3,0
3876,2555,12,3,0.05
3877,285,122,3,0.2
3878,1394,26,5,0.1
3879,1808,6,1,0.2
3880,2026,159,5,0.1
3881,774,45,3,0.15
3882,749,11,2,0
3883,2296,57,4,0
3884,1093,198,3,0
3885,2033,44,2,0
3886,1415,110,3,0.2
3887,805,129,4,0.1
3888,1047,115,5,0.2
3889,45,43,3,0.2
3890,1202,198,5,0
3891,924,97,2,0.05
3892,2292,146,1,0
3893,2819,120,2,0
3894,2113,112,3,0
3895,2675,4,1,0.1
3896,1389,59,5,0.2
3897,1382,161,3,0.05
3898,1098,45,1,0.05
3899,2975,72,2,0
3900,2417,155,1,0.2
3901,134,149,2,0.05
3902,2186,20,3,0.15
3903,1751,13,3,0.05
3904,2653,163,4,0.15
3905,385,76,2,0.05
3906,2070,134,3,0
3907,870,118,1,0.05
3908,2981,97,1,0.1
3909,1849,167,3,0.05
3910,1051,107,4,0
3911,2783,100,2,0.05
3912,2267,18,3,0.15
3913,1217,178,1,0.1
3914,1527,133,5,0.1
3915,138,16,2,0.05
3916,1948,179,2,0.1
3917,451,3,5,0
3918,1371,11,4,0.15
3919,2303,99,1,0
3920,968,94,4,0.2
3921,1755,9,3,0
3922,934,181,2,0.05
3923,1094,109,5,0.1
3924,1007,55,1,0.05
3925,1979,166,4,0.15
3926,865,6,4,0.05
3927,2871,31,5,0
3928,750,189,2,0.05
3929,1681,122,5,0.15
3930,1152,199,1,0.1
3931,67,198,5,0.05
3932,2082,166,5,0.05
3933,1348,56,5,0.2
3934,1350,174,5,0.2
3935,192,100,4,0.2
3936,841,147,4,0
3937,1248,175,2,0.15
3938,2110,178,5,0.2
3939,2064,194,4,0.05
3940,99,190,3,0.2
3941,2612,83,1,0.2
3942,2748,164,3,0.1
3943,566,36,1,0.15
3944,1866,16,3,0.15
3945,2298,109,1,0.1
3946,1645,175,4,0
3947,1668,101,2,0
3948,251,196,1,0.05
3949,668,148,1,0.05
3950,786,149,5,0
3951,2085,158,1,0.15
3952,2321,138,2,0.05
3953,492,144,2,0.05
3954,2878,83,2,0.2
3955,956,119,1,0.05
3956,25,137,4,0.2
3957,1262,157,3,0
3958,1660,151,3,0
3959,124,53,5,0.1
3960,2814,171,2,0
3961,2764,198,2,0
3962,1239,176,5,0.15
3963,79,29,3,0
3964,2317,157,4,0.05
3965,110,98,5,0
3966,261,158,3,0.2
3967,2207,113,2,0
3968,1507,67,5,0.1
3969,666,70,2,0.1
3970,2100,191,3,0.15
3971,1005,14,2,0.2
3972,2842,174,1,0.05
3973,2969,138,1,0.05
3974,1932,129,1,0.05
3975,2597,97,3,0.15
3976,909,174,1,0
3977,2643,136,5,0.2
3978,213,27,4,0.15
3979,1035,198,5,0.15
3980,2696,37,5,0
3981,1346,1,2,0.05
3982,190,30,4,0
3983,2454,40,4,0.15
3984,1223,11,4,0
3985,834,8,5,0.15
3986,2210,9,5,0.15
3987,269,117,2,0.05
3988,616,136,2,0.1
3989,1699,141,2,0.15
3990,1213,77,5,0
3991,124,170,1,0.05
3992,604,133,5,0.15
3993,2374,87,5,0
3994,2628,166,4,0.15
3995,1129,23,1,0.05
3996,2212,1,4,0.1
3997,2808,29,5,0.05
3998,452,44,4,0.05
3999,1606,34,1,0.1
4000,136,136,2,0.2
4001,69,62,5,0
4002,1869,15,2,0.05
4003,798,173,3,0
4004,1104,56,3,0.2
4005,2437,98,2,0.15
4006,1037,86,5,0.15
4007,1985,2,1,0
4008,45,189,3,0.2
4009,2712,169,2,0
4010,665,169,3,0
4011,1671,153,1,0.1
4012,369,40,2,0.05
4013,1492,64,1,0
4014,2259,69,5,0.05
4015,1660,181,1,0
4016,2499,97,4,0
4017,541,194,3,0
4018,1538,82,2,0.2
4019,2826,79,1,0
4020,1454,57,4,0
4021,2054,193,1,0.15
4022,2183,113,3,0.2
4023,1141,174,1,0
4024,1639,180,3,0.2
4025,2090,140,2,0
4026,1443,184,5,0.05
4027,2042,64,5,0
4028,1133,183,4,0.05
4029,624,51,2,0
4030,1753,10,4,0.05
4031,1899,155,5,0.1
4032,1671,73,5,0
4033,530,96,5,0
4034,2323,125,2,0
4035,207,66,2,0.1
4036,2149,100,2,0
4037,1683,145,5,0
4038,46,99,4,0.05
4039,298,117,5,0.1
4040,1672,46,2,0
4041,1545,157,5,0.1
4042,2693,40,5,0.15
4043,2471,188,5,0
4044,883,83,5,0.15
4045,1956,103,5,0.1
4046,1901,182,4,0.05
4047,2503,48,3,0.2
4048,1777,4,3,0
4049,1012,66,5,0
4050,201,134,3,0.1
4051,1012,25,3,0
4052,2471,136,2,0.2
4053,2456,22,2,0
4054,1649,3,1,0
4055,273,75,3,0
4056,2673,169,4,0.05
4057,602,158,1,0.2
4058,1250,190,2,0.2
4059,139,73,5,0
4060,892,77,1,0
4061,837,133,5,0.05
4062,1317,39,5,0.05
4063,543,9,5,0.1
4064,2213,112,3,0.2
4065,2750,99,3,0
4066,2733,179,2,0
4067,47,85,5,0.15
4068,2659,39,1,0.1
4069,749,60,3,0.2
4070,951,8,5,0.05
4071,1748,110,5,0.2
4072,420,160,3,0.1
4073,2542,103,2,0.1
4074,2234,9,3,0.05
4075,2188,34,1,0
4076,1941,169,3,0
4077,2573,1,4,0.1
4078,1674,105,1,0.1
4079,1764,147,3,0.05
4080,627,194,3,0.2
4081,28,80,2,0.2
4082,1259,126,3,0
4083,2912,42,3,0
4084,298,169,2,0.05
4085,2706,159,3,0.2
4086,1658,25,1,0
4087,2033,126,4,0
4088,2632,44,1,0.05
4089,1433,16,2,0.05
4090,353,194,5,0.2
4091,2717,46,1,0
4092,2847,86,5,0.15
4093,2392,153,1,0.1
4094,813,133,4,0
4095,861,118,1,0
4096,1222,188,2,0.2
4097,1204,80,3,0.2
4098,1838,74,5,0.1
4099,1,200,3,0.05
4100,1767,7,4,0.15
4101,2190,107,2,0.2
4102,924,81,1,0
4103,2834,121,4,0
4104,313,200,5,0
4105,1931,162,1,0.15
4106,2283,200,3,0
4107,1980,178,2,0.15
4108,682,138,5,0
4109,322,69,3,0.05
4110,789,66,1,0.1
4111,301,143,3,0.1
4112,6,89,3,0.1
4113,324,187,1,0
4114,1851,67,3,0.15
4115,2537,101,3,0
4116,2467,171,1,0.05
4117,193,166,4,0.2
4118,1937,1,1,0
4119,47,151,2,0.2
4120,52,184,3,0
4121,1277,31,5,0
4122,76,195,2,0.1
4123,2916,140,2,0
4124,334,139,1,0.15
4125,857,151,4,0.05
4126,657,197,1,0
4127,2105,96,5,0.1
4128,1636,176,3,0.15
4129,2841,191,1,0.15
4130,1822,137,5,0
4131,621,101,3,0
4132,2491,179,3,0
4133,1566,73,4,0.15
4134,2459,53,2,0.15
4135,970,88,4,0
4136,820,15,2,0.1
4137,1919,77,3,0.2
4138,85,129,5,0
4139,1770,125,1,0.1
4140,2949,155,5,0.05
4141,175,153,2,0
4142,2784,184,1,0.1
4143,2865,158,1,0.1
4144,2961,178,3,0.2
4145,911,21,1,0
4146,2789,38,4,0.05
4147,411,25,3,0.1
4148,1130,142,3,0.1
4149,193,88,2,0.2
4150,1636,62,2,0.15
4151,489,29,5,0.15
4152,1652,9,3,0.05
4153,2801,173,2,0
4154,75,81,2,0.1
4155,1927,174,1,0.05
4156,1956,70,3,0.15
4157,1141,76,4,0.15
4158,2860,15,5,0.15
4159,2781,198,2,0.15
4160,806,21,4,0.2
4161,261,75,4,0.15
4162,301,159,5,0
4163,2987,63,5,0
4164,1726,125,4,0.05
4165,542,105,2,0
4166,1339,180,5,0.05
4167,12,94,2,0
4168,565,192,4,0
4169,2190,78,1,0
4170,1532,125,5,0.05
4171,25,56,4,0.1
4172,1644,13,3,0.2
4173,213,101,2,0
4174,1623,102,2,0.05
4175,35,95,1,0
4176,2994,136,1,0.15
4177,2594,110,3,0.2
4178,33,160,5,0.1
4179,495,3,2,0.1
4180,180,152,1,0
4181,241,190,2,0.15
4182,119,37,3,0
4183,96,156,3,0
4184,648,177,2,0.2
4185,1885,194,3,0.1
4186,1915,179,5,0
4187,948,29,5,0.15
4188,765,101,1,0
4189,2553,184,5,0.05
4190,177,35,4,0
4191,2020,76,3,0
4192,1120,162,5,0
4193,180,82,3,0.15
4194,2281,155,3,0.15
4195,1169,85,2,0.1
4196,371,32,5,0
4197,2584,144,1,0.15
4198,2245,153,4,0
4199,2578,90,5,0
4200,1161,73,3,0.05
4201,1664,41,2,0.1
4202,2810,95,2,0
4203,2021,158,4,0
4204,1290,180,4,0.05
4205,50,61,4,0
4206,1721,36,3,0.1
4207,1733,8,4,0
4208,1214,115,2,0.2
4209,1727,104,1,0
4210,806,91,1,0
4211,2065,94,1,0
4212,1534,51,1,0
4213,1808,59,1,0.05
4214,2036,25,3,0.05
4215,222,89,5,0.05
4216,2344,16,3,0
4217,735,66,3,0
4218,857,63,5,0
4219,1260,114,5,0
4220,232,182,4,0
4221,2998,191,3,0
4222,398,175,3,0.15
4223,1916,150,1,0
4224,2961,118,1,0.1
4225,328,195,5,0.15
4226,2358,137,4,0.05
4227,1231,184,4,0.1
4228,880,110,3,0.05
4229,505,142,2,0
4230,1321,183,5,0.05
4231,1081,161,5,0.05
4232,1622,141,1,0
4233,2813,120,1,0.2
4234,761,63,4,0.2
4235,1942,188,1,0.1
4236,1087,63,1,0.2
4237,2632,26,5,0
4238,672,7,5,0
4239,1772,126,2,0
4240,777,37,5,0.15
4241,1963,55,2,0
4242,2317,104,3,0
4243,164,48,5,0
4244,1320,62,2,0.2
4245,1618,118,4,0.1
4246,2432,168,2,0
4247,678,113,4,0
4248,2548,182,2,0
4249,2953,137,3,0.15
4250,577,12,2,0
4251,2810,47,1,0.1
4252,385,65,1,0
4253,1734,158,2,0
4254,718,133,3,0
4255,567,55,3,0.05
4256,2703,19,5,0.1
4257,2152,39,5,0
4258,2756,124,3,0.2
4259,1316,22,3,0.2
4260,1101,177,3,0
4261,1594,15,4,0
4262,1788,146,5,0.1
4263,285,52,5,0
4264,510,8,1,0.15
4265,1612,73,2,0
4266,2759,40,2,0.2
4267,1772,161,2,0
4268,2019,116,4,0.05
4269,895,53,1,0.05
4270,2974,130,1,0.05
4271,1646,77,4,0
4272,1815,1,2,0.1
4273,1481,14,2,0.05
4274,142,86,5,0
4275,695,160,5,0.2
4276,1247,35,3,0
4277,2982,10,4,0.2
4278,2901,77,1,0
4279,2032,70,1,0.15
4280,2655,112,4,0.2
4281,1503,130,2,0.05
4282,1858,108,2,0
4283,2332,1,4,0.2
4284,655,4,1,0
4285,2895,104,2,0.2
4286,2083,170,3,0.15
4287,1653,68,4,0.15
4288,291,73,5,0.05
4289,1095,81,5,0.05
4290,2645,151,2,0
4291,2142,56,5,0.15
4292,2338,174,4,0.15
4293,2353,139,3,0.2
4294,2451,20,3,0.1
4295,2893,130,4,0
4296,2414,190,5,0
4297,1285,4,3,0.1
4298,2877,170,2,0
4299,1708,199,4,0
4300,887,33,2,0.15
4301,912,152,3,0.05
4302,416,34,1,0
4303,2944,141,5,0.15
4304,2186,167,1,0.15
4305,428,85,5,0
4306,2304,87,2,0
4307,67,2,1,0
4308,2806,116,4,0.15
4309,2864,42,2,0
4310,2424,136,3,0.05
4311,1230,45,2,0
4312,1629,184,4,0.15
4313,2065,179,4,0
4314,2103,199,5,0.1
4315,579,33,2,0.05
4316,2154,165,5,0.15
4317,1979,15,3,0.15
4318,2240,75,1,0.05
4319,2139,13,4,0.15
4320,316,188,2,0.15
4321,2963,66,5,0.15
4322,1516,103,3,0.05
4323,2356,154,5,0.2
4324,1111,101,1,0.2
4325,2784,84,5,0.05
4326,2813,114,5,0
4327,2324,199,4,0
4328,2779,139,2,0
4329,2544,114,2,0
4330,1618,31,1,0.2
4331,2225,16,5,0
4332,1709,22,4,0.05
4333,543,2,1,0.05
4334,1322,92,3,0.15
4335,1842,176,5,0.05
4336,1138,85,4,0.15
4337,2142,103,3,0
4338,1469,127,3,0
4339,706,66,4,0.05
4340,1125,2,1,0
4341,1583,135,4,0
4342,2135,107,5,0.2
4343,544,75,1,0
4344,293,107,4,0
4345,1046,84,1,0
4346,718,66,3,0
4347,282,198,5,0.1
4348,2506,121,3,0
4349,589,52,2,0.1
4350,1666,137,4,0
4351,2100,199,2,0.2
4352,1304,121,1,0.15
4353,261,116,1,0
4354,1673,50,1,0.1
4355,1222,69,2,0
4356,2100,165,4,0
4357,711,12,3,0.15
4358,199,139,5,0.15
4359,2191,58,1,0.1
4360,1139,192,1,0
4361,1103,172,5,0
4362,2392,198,4,0.15
4363,272,156,4,0.1
4364,1986,148,4,0
4365,1118,87,2,0.1
4366,1101,29,2,0
4367,1595,157,3,0.1
4368,54,77,3,0
4369,1901,53,3,0.2
4370,1547,193,4,0
4371,2087,4,5,0
4372,2041,164,2,0.1
4373,1029,174,1,0
4374,2395,161,5,0
4375,575,169,4,0
4376,691,184,5,0
4377,1108,38,1,0.2
4378,956,24,3,0.1
4379,2460,196,2,0
4380,2133,72,5,0.2
4381,72,120,2,0.2
4382,1279,40,1,0
4383,395,145,4,0.15
4384,1884,121,3,0.1
4385,1790,118,3,0.1
4386,1497,30,3,0
4387,2104,109,3,0.15
4388,2141,185,2,0
4389,16,129,5,0.2
4390,2966,34,5,0
4391,2628,134,4,0.15
4392,2107,71,1,0.1
4393,1722,41,2,0.15
4394,901,44,4,0
4395,2634,93,5,0.05
4396,2935,160,3,0
4397,1882,108,4,0
4398,2115,54,1,0.2
4399,1817,50,1,0.05
4400,1651,47,5,0
4401,2692,165,1,0
4402,378,136,1,0.05
4403,2216,129,2,0
4404,601,98,3,0.2
4405,1393,145,3,0.05
4406,2552,141,5,0.2
4407,96,108,2,0
4408,547,118,2,0
4409,2678,122,1,0.05
4410,2559,129,5,0
4411,621,44,2,0.05
4412,2783,147,1,0
4413,2902,196,4,0
4414,1118,183,5,0.15
4415,2613,115,1,0.15
4416,2262,72,4,0.05
4417,2380,83,3,0
4418,2569,114,4,0.05
4419,1286,81,2,0.1
4420,2150,20,5,0.1
4421,2558,176,1,0.2
4422,1854,192,2,0.05
4423,2107,17,3,0.1
4424,266,83,4,0.1
4425,238,143,5,0
4426,1514,131,5,0.2
4427,2918,161,4,0
4428,1659,141,2,0.1
4429,1080,141,5,0.05
4430,1684,53,5,0
4431,638,5,4,0.05
4432,325,39,2,0.1
4433,1635,175,1,0
4434,470,162,5,0
4435,2589,86,1,0.1
4436,2240,26,2,0.1
4437,2651,139,5,0.15
4438,1586,168,1,0.1
4439,549,7,4,0
4440,1646,100,5,0
4441,486,13,4,0.1
4442,541,57,4,0.2
4443,602,151,5,0
4444,1588,142,5,0
4445,918,71,5,0.15
4446,1789,170,3,0.1
4447,1861,12,2,0.15
4448,1296,12,4,0.05
4449,1344,118,5,0.1
4450,1695,133,2,0
4451,1386,91,4,0
4452,1995,114,2,0.15
4453,416,197,2,0.2
4454,2696,56,1,0
4455,1349,88,1,0.15
4456,1304,113,1,0
4457,521,165,1,0.1
4458,1960,159,5,0.15
4459,912,133,3,0.15
4460,1148,68,1,0
4461,1506,131,5,0
4462,429,20,3,0
4463,1264,124,1,0.15
4464,2874,27,2,0
4465,2655,83,1,0
4466,1641,138,4,0
4467,1329,161,4,0.2
4468,2187,155,1,0.15
4469,154,150,4,0.2
4470,1845,159,4,0.1
4471,219,37,2,0.15
4472,1240,200,3,0
4473,1747,132,3,0
4474,1688,122,5,0.2
4475,1202,7,2,0.2
4476,1734,186,4,0
4477,89,17,4,0
4478,552,157,3,0.05
4479,896,195,4,0.1
4480,2712,54,1,0
4481,2386,128,3,0.05
4482,2894,42,5,0.15
4483,2742,38,4,0
4484,428,131,4,0.1
4485,854,182,1,0
4486,2314,23,3,0.1
4487,1509,181,3,0.15
4488,671,59,2,0
4489,1230,24,4,0.2
4490,1528,18,5,0
4491,2568,190,3,0.1
4492,1014,150,4,0.2
4493,1594,7,4,0
4494,1229,75,4,0.2
4495,1929,182,3,0.05
4496,724,187,1,0
4497,2590,147,3,0.1
4498,1161,167,1,0.15
4499,1995,69,5,0
4500,1740,17,4,0
4501,1380,4,2,0
4502,316,132,1,0.05
4503,2313,142,1,0.15
4504,1175,26,2,0.2
4505,1229,71,4,0.05
4506,2864,15,5,0
4507,2304,53,4,0.2
4508,1843,74,1,0.15
4509,527,152,2,0.1
4510,1660,74,2,0
4511,118,39,4,0.2
4512,2599,90,1,0.1
4513,2974,166,5,0.05
4514,2897,48,1,0.1
4515,773,107,4,0.05
4516,1883,32,5,0.15
4517,1547,107,4,0.05
4518,320,1,2,0
4519,1615,62,3,0
4520,132,35,2,0
4521,2786,179,2,0
4522,2514,151,5,0
4523,297,54,4,0.05
4524,2269,57,4,0.05
4525,1467,159,1,0
4526,1943,116,5,0
4527,1342,39,3,0
4528,1654,31,3,0
4529,111,158,2,0
4530,1005,199,3,0
4531,1876,78,4,0
4532,1779,79,2,0.2
4533,1544,14,1,0.1
4534,1572,64,4,0.2
4535,526,98,2,0
4536,2325,150,3,0.15
4537,2634,98,5,0.15
4538,1372,92,5,0.2
4539,647,164,2,0.05
4540,2808,113,4,0.2
4541,1077,24,3,0.1
4542,185,7,2,0.2
4543,2243,83,1,0
4544,1371,88,1,0.15
4545,2958,54,3,0.2
4546,1182,175,3,0.1
4547,1636,124,2,0
4548,2185,138,2,0.1
4549,4,77,4,0.2
4550,988,60,1,0
4551,1480,71,4,0.15
4552,2850,22,3,0.15
4553,1976,75,5,0.2
4554,811,39,3,0
4555,469,67,5,0.05
4556,2155,133,4,0.1
4557,1298,55,1,0
4558,2819,3,3,0
4559,2389,83,3,0
4560,1806,127,4,0.05
4561,389,132,2,0
4562,2861,136,3,0.1
4563,212,16,1,0.15
4564,2854,138,4,0
4565,352,80,2,0.1
4566,346,84,1,0
4567,1025,59,4,0.05
4568,2191,106,2,0.15
4569,426,4,4,0.2
4570,2247,20,5,0.05
4571,399,12,5,0.15
4572,1661,162,5,0
4573,1734,78,2,0
4574,1861,14,4,0.15
4575,2245,167,1,0
4576,1753,149,2,0
4577,2956,19,3,0
4578,735,181,2,0
4579,1656,9,1,0
4580,800,14,2,0.1
4581,1769,86,3,0.15
4582,78,173,3,0.2
4583,566,44,3,0.15
4584,392,25,3,0.2
4585,629,7,4,0.05
4586,1968,10,1,0
4587,309,66,3,0.15
4588,2412,145,2,0
4589,391,103,4,0
4590,843,190,5,0
4591,528,35,2,0
4592,154,9,3,0
4593,2405,34,2,0.15
4594,722,13,3,0.05
4595,573,168,1,0
4596,2717,190,5,0.2
4597,190,20,1,0.2
4598,851,66,5,0
4599,857,58,5,0
4600,789,59,2,0
4601,744,133,4,0
4602,880,41,2,0.15
4603,2449,66,3,0.2
4604,1687,174,3,0
4605,518,56,3,0
4606,2051,103,3,0.2
4607,1221,157,4,0.05
4608,21,45,3,0.1
4609,2098,111,4,0
4610,1097,45,1,0.15
4611,2390,92,2,0.05
4612,1859,163,4,0.15
4613,994,71,5,0.1
4614,2610,161,3,0
4615,2548,121,2,0
4616,1658,199,1,0
4617,2820,46,4,0.05
4618,1520,86,5,0.2
4619,272,69,4,0.2
4620,1598,41,3,0.2
4621,1009,164,5,0
4622,2538,107,4,0
4623,432,69,4,0.2
4624,1514,57,2,0.05
4625,2383,179,3,0
4626,1182,114,3,0.2
4627,1614,112,3,0.15
4628,956,87,2,0.1
4629,2378,179,4,0
4630,2597,197,5,0.1
4631,1389,192,2,0
4632,1187,52,4,0.05
4633,2427,39,3,0
4634,1388,122,1,0
4635,2626,118,4,0
4636,2562,141,2,0
4637,1112,55,3,0.05
4638,2247,85,5,0.15
4639,1758,64,5,0
4640,1692,26,4,0.15
4641,2206,38,3,0.1
4642,1927,152,2,0.1
4643,2493,193,5,0.2
4644,2693,20,4,0
4645,1452,58,5,0
4646,416,101,5,0.15
4647,806,178,4,0
4648,120,63,1,0.05
4649,853,122,2,0.05
4650,242,121,2,0.2
4651,17,25,3,0.1
4652,2514,109,4,0.1
4653,2915,5,5,0
4654,1584,188,3,0.1
4655,852,31,2,0
4656,1170,102,2,0.1
4657,1220,198,4,0.05
4658,754,83,3,0.2
4659,591,192,5,0.2
4660,2593,43,4,0.2
4661,2878,76,3,0.2
4662,1661,53,2,0.1
4663,446,118,2,0.15
4664,2397,151,3,0
4665,882,102,5,0
4666,2072,171,1,0.15
4667,450,47,4,0.15
4668,1570,184,3,0.1
4669,1885,23,5,0.05
4670,1850,173,1,0.05
4671,2794,141,2,0
4672,1347,57,5,0
4673,135,27,4,0
4674,696,90,5,0
4675,466,103,2,0.1
4676,2465,70,5,0
4677,334,50,2,0
4678,1115,70,2,0.05
4679,2728,108,4,0.15
4680,841,176,3,0.1
4681,412,73,1,0.2
4682,2308,140,3,0
4683,2984,16,1,0.2
4684,1779,127,5,0
4685,155,19,3,0.1
4686,374,27,4,0
4687,1159,149,5,0.15
4688,2694,22,1,0
4689,1277,168,2,0
4690,617,136,5,0.2
4691,1709,107,1,0.05
4692,2230,9,1,0.1
4693,2467,11,2,0
4694,592,32,2,0
4695,2056,191,3,0
4696,2268,67,2,0
4697,859,82,2,0
4698,1743,16,4,0.1
4699,2750,25,4,0.2
4700,2424,26,2,0.1
4701,1566,16,1,0
4702,1969,26,1,0.2
4703,2030,30,2,0
4704,2890,26,5,0.15
4705,1268,5,2,0
4706,1901,172,1,0
4707,2134,143,1,0
4708,377,31,2,0.2
4709,2186,118,3,0
4710,560,125,1,0.2
4711,2489,55,4,0.05
4712,2090,95,4,0.05
4713,1207,110,2,0.1
4714,294,62,5,0.2
4715,327,10,4,0
4716,2518,29,4,0
4717,2366,74,2,0
4718,2628,39,1,0
4719,1164,13,1,0.15
4720,973,22,3,0
4721,1358,14,4,0.1
4722,2718,111,2,0.05
4723,273,105,5,0
4724,1411,87,2,0
4725,719,194,4,0.15
4726,1278,20,1,0
4727,2593,94,3,0.05
4728,2952,17,4,0.1
4729,2224,153,5,0
4730,2133,135,3,0.05
4731,1600,155,3,0.1
4732,2336,154,2,0
4733,126,95,1,0.1
4734,2576,180,3,0.05
4735,1850,90,4,0
4736,1498,94,5,0
4737,597,48,4,0.15
4738,2968,23,4,0
4739,1597,104,2,0.2
4740,2677,93,4,0
4741,107,67,4,0.2
4742,33,122,1,0.15
4743,176,22,3,0.2
4744,2679,71,1,0.2
4745,912,2,4,0.1
4746,2656,108,2,0
4747,166,180,5,0.05
4748,421,2,1,0.15
4749,1687,105,5,0.1
4750,242,173,3,0.2
4751,411,125,2,0.1
4752,577,2,4,0.05
4753,691,50,5,0.15
4754,456,32,3,0.2
4755,2702,42,2,0
4756,586,142,2,0
4757,717,143,2,0
4758,54,138,3,0.05
4759,1339,40,5,0
4760,1467,156,5,0.1
4761,1218,9,1,0
4762,378,10,5,0
4763,1853,155,1,0
4764,1528,27,1,0
4765,1422,171,1,0.2
4766,1288,50,3,0.2
4767,1815,38,2,0.2
4768,2635,136,5,0
4769,32,112,3,0
4770,2620,180,3,0.05
4771,2280,11,5,0.2
4772,1903,135,2,0
4773,523,139,1,0.2
4774,299,7,3,0
4775,2548,74,3,0
4776,1235,20,5,0
4777,518,196,5,0.2
4778,392,168,3,0
4779,1924,143,4,0.2
4780,1861,74,2,0.1
4781,150,45,1,0.15
4782,2089,173,5,0.1
4783,915,6,4,0
4784,1411,128,5,0.15
4785,2910,7,2,0.05
4786,2287,150,1,0.15
4787,598,25,2,0.2
4788,2707,159,4,0
4789,982,185,4,0.1
4790,2359,4,3,0.2
4791,1360,142,3,0
4792,2020,96,5,0.1
4793,1254,179,1,0.1
4794,1140,48,5,0.15
4795,3,108,5,0.05
4796,2321,164,1,0.15
4797,1221,92,2,0.1
4798,2490,140,4,0
4799,1546,18,1,0.05
4800,1359,108,4,0
4801,957,116,3,0
4802,1819,12,1,0.05
4803,1304,37,4,0.05
4804,382,58,4,0.15
4805,2295,18,3,0.1
4806,2261,15,2,0
4807,901,163,1,0.1
4808,1149,50,4,0.15
4809,1633,158,5,0
4810,2623,157,4,0
4811,1104,78,4,0.2
4812,2044,47,3,0.2
4813,38,137,3,0.15
4814,755,62,2,0
4815,714,55,3,0.1
4816,20,197,1,0
4817,328,117,2,0
4818,454,185,3,0
4819,1011,102,5,0
4820,1342,137,3,0
4821,1879,73,5,0
4822,1574,45,4,0.1
4823,1552,4,2,0
4824,674,95,4,0
4825,980,196,2,0
4826,2692,37,5,0.2
4827,1385,173,5,0
4828,1470,47,2,0.2
4829,339,83,5,0.2
4830,571,135,4,0
4831,189,72,1,0.2
4832,573,155,4,0.05
4833,753,177,5,0.1
4834,372,114,2,0
4835,1989,76,2,0.1
4836,569,34,1,0
4837,357,105,4,0.1
4838,725,31,3,0.15
4839,987,152,2,0.05
4840,1567,155,2,0.05
4841,21,102,2,0
4842,1454,193,1,0
4843,497,60,5,0
4844,2049,12,3,0.1
4845,1468,2,2,0
4846,185,108,1,0.15
4847,2397,13,1,0.1
4848,981,165,2,0
4849,1531,159,2,0.05
4850,2475,125,1,0.1
4851,254,1,1,0.15
4852,89,48,5,0.15
4853,1400,111,1,0.05
4854,599,48,3,0.05
4855,2931,184,3,0.15
4856,2017,17,5,0.15
4857,1510,91,5,0
4858,11,187,4,0.1
4859,2547,37,2,0
4860,1171,200,3,0.15
4861,890,35,2,0
4862,1578,167,4,0.05
4863,2190,197,1,0
4864,1358,97,3,0.05
4865,1180,63,4,0
4866,485,158,3,0.2
4867,1445,51,5,0.15
4868,428,21,4,0.05
4869,1753,108,4,0
4870,240,89,2,0.15
4871,1929,166,4,0
4872,513,7,5,0
4873,2269,23,3,0.05
4874,2243,15,4,0.15
4875,304,185,5,0
4876,639,34,2,0
4877,2766,30,4,0.05
4878,2565,141,4,0
4879,1583,162,4,0.15
4880,1752,53,3,0
4881,555,39,2,0.15
4882,1992,32,5,0
4883,2400,40,1,0.2
4884,566,97,5,0.15
4885,1166,166,5,0
4886,1697,57,4,0
4887,341,74,2,0.1
4888,1277,50,1,0
4889,119,192,2,0.05
4890,1379,198,2,0.1
4891,2204,145,2,0.2
4892,997,180,1,0
4893,587,67,4,0
4894,2456,169,5,0.2
4895,1557,98,5,0
4896,520,123,5,0.15
4897,1057,27,4,0.15
4898,2269,52,4,0.05
4899,1403,146,1,0
4900,862,135,2,0
4901,387,26,3,0.15
4902,125,100,3,0
4903,2869,110,4,0
4904,754,111,4,0.2
4905,903,95,1,0.2
4906,592,125,2,0
4907,1295,89,2,0.2
4908,1020,126,3,0.15
4909,1607,81,4,0.1
4910,1923,106,3,0.1
4911,1808,131,3,0.1
4912,1745,41,2,0
4913,2367,74,3,0.2
4914,493,6,3,0.05
4915,2562,36,3,0
4916,1693,149,2,0.1
4917,1716,84,4,0.1
4918,1368,29,2,0.2
4919,2754,14,4,0.2
4920,518,193,4,0.05
4921,2913,127,2,0.1
4922,948,190,3,0.15
4923,90,158,4,0.1
4924,883,66,3,0.2
4925,568,19,2,0.1
4926,452,78,4,0.2
4927,2691,96,1,0
4928,604,51,3,0.05
4929,1891,141,1,0
4930,1413,127,5,0.05
4931,561,96,1,0.2
4932,2129,75,1,0.05
4933,100,53,2,0.15
4934,2503,136,2,0
4935,1199,116,5,0.15
4936,590,199,2,0
4937,1822,166,2,0.15
4938,230,146,3,0
4939,263,184,4,0.05
4940,1640,197,4,0
4941,1620,51,4,0.15
4942,900,172,2,0.2
4943,2131,110,2,0
4944,463,18,2,0.2
4945,621,7,1,0.15
4946,2769,133,3,0.1
4947,1100,33,4,0.2
4948,1037,198,5,0
4949,839,193,2,0.05
4950,1849,173,5,0.05
4951,94,131,2,0.15
4952,2213,155,4,0.05
4953,2965,190,1,0.15
4954,848,98,1,0.2
4955,1375,164,3,0.1
4956,1172,112,5,0
4957,99,144,3,0.05
4958,1147,146,1,0
4959,770,38,3,0.1
4960,1514,196,1,0.1
4961,882,96,1,0.2
4962,2676,1,1,0
4963,1360,75,4,0
4964,1947,89,5,0.15
4965,2831,182,1,0.1
4966,200,56,5,0.15
4967,2088,148,1,0
4968,1046,164,1,0
4969,1155,16,3,0
4970,262,90,4,0.05
4971,2085,88,1,0.15
4972,875,85,2,0.1
4973,2599,168,1,0
4974,2110,166,2,0.05
4975,1271,118,3,0
4976,2072,13,2,0
4977,2558,164,1,0
4978,1652,133,3,0.05
4979,1155,115,1,0.05
4980,1847,141,3,0
4981,374,156,1,0
4982,1895,169,1,0.05
4983,2484,135,5,0.15
4984,2881,53,4,0.15
4985,422,112,1,0
4986,1499,133,4,0.05
4987,2120,109,1,0
4988,2330,147,4,0.2
4989,1579,113,3,0.1
4990,2920,134,2,0.15
4991,816,41,4,0
4992,1952,11,3,0.2
4993,116,86,5,0
4994,1536,49,3,0
4995,2637,139,1,0.1
4996,1425,109,3,0.05
4997,2891,39,5,0
4998,1012,94,2,0
4999,2370,168,5,0.2
5000,2086,42,3,0
5001,1589,103,2,0
5002,1918,199,4,0
5003,2292,12,1,0.15
5004,1353,139,3,0.05
5005,1753,141,4,0.1
5006,853,2,2,0
5007,622,132,3,0
5008,646,119,2,0.05
5009,1574,111,5,0.1
5010,2652,57,3,0
5011,286,164,3,0.2
5012,2909,16,2,0
5013,516,133,3,0
5014,1747,28,2,0
5015,2230,120,2,0
5016,2193,145,4,0
5017,2958,3,4,0.2
5018,917,143,2,0.05
5019,1947,121,4,0.15
5020,475,31,5,0
5021,575,82,2,0.15
5022,1970,168,5,0.05
5023,813,1,5,0
5024,36,114,1,0
5025,300,13,2,0.15
5026,1142,37,2,0
5027,2766,75,4,0
5028,2777,14,3,0.15
5029,2698,124,4,0.05
5030,385,194,5,0.2
5031,2916,110,1,0.15
5032,2375,150,4,0
5033,1541,94,5,0.05
5034,1434,198,4,0.05
5035,1865,105,3,0
5036,2488,157,4,0.1
5037,961,50,3,0.2
5038,1090,5,1,0.1
5039,2923,94,2,0
5040,1154,36,4,0.15
5041,2919,94,2,0.2
5042,1880,160,2,0.15
5043,747,33,1,0.1
5044,312,195,3,0
5045,2555,181,1,0.05
5046,88,93,3,0.05
5047,2752,63,4,0
5048,468,86,4,0.2
5049,2624,151,1,0
5050,1347,10,1,0
5051,284,102,2,0.05
5052,37,8,5,0
5053,552,103,3,0.1
5054,2343,184,2,0.15
5055,1072,120,3,0.1
5056,1867,143,2,0
5057,1306,74,5,0.1
5058,2924,53,3,0.05
5059,366,154,2,0
5060,1162,147,4,0.05
5061,2336,24,3,0.05
5062,994,182,5,0.05
5063,2596,100,3,0.15
5064,984,40,1,0
5065,376,127,2,0.2
5066,2693,105,4,0
5067,600,200,5,0
5068,1272,101,5,0
5069,1081,152,2,0.15
5070,2041,172,2,0
5071,11,11,1,0.15
5072,2767,169,2,0
5073,2237,101,1,0
5074,1246,171,4,0.2
5075,72,82,1,0.1
5076,99,144,3,0
5077,854,37,4,0
5078,1642,167,2,0.15
5079,234,166,2,0
5080,1312,108,2,0.05
5081,2451,183,2,0.2
5082,53,23,1,0
5083,2959,10,5,0
5084,2156,153,5,0
5085,271,142,4,0.1
5086,467,187,1,0.2
5087,1269,137,1,0
5088,2158,165,2,0
5089,2864,72,1,0
5090,2228,154,2,0.1
5091,2798,13,5,0.15
5092,943,13,3,0.15
5093,904,163,4,0.05
5094,1740,23,2,0.2
5095,1711,101,2,0.1
5096,2633,7,5,0.2
5097,338,36,2,0.15
5098,2602,110,5,0
5099,1429,195,5,0
5100,1880,179,3,0.2
5101,1876,1,3,0.15
5102,903,19,1,0
5103,1429,175,5,0
5104,2763,200,2,0
5105,2511,111,4,0
5106,2477,115,5,0.1
5107,1189,36,1,0.1
5108,2395,32,3,0
5109,2734,109,5,0
5110,1944,105,3,0.15
5111,118,194,1,0.05
5112,1990,110,4,0.15
5113,403,131,4,0.05
5114,1631,33,5,0.1
5115,888,105,2,0.05
5116,2232,135,3,0
5117,360,187,4,0.2
5118,2621,42,4,0.05
5119,705,152,2,0
5120,1742,111,4,0.05
5121,2109,177,5,0
5122,2335,180,2,0.05
5123,2637,102,1,0.05
5124,1331,44,2,0.1
5125,2625,155,5,0.1
5126,3,119,3,0.1
5127,2391,62,3,0.1
5128,2194,28,2,0
5129,1399,160,4,0.05
5130,1905,39,4,0
5131,2471,127,4,0
5132,103,141,2,0.1
5133,1513,190,5,0
5134,1299,8,1,0.15
5135,1192,32,4,0
5136,1588,85,4,0.1
5137,2387,49,5,0
5138,570,152,3,0.2
5139,1624,90,1,0.1
5140,2183,113,1,0.15
5141,468,79,5,0.05
5142,162,15,3,0.2
5143,179,2,5,0
5144,1073,70,5,0.15
5145,2616,47,5,0.05
5146,2299,126,3,0.15
5147,1897,13,2,0.15
5148,69,199,2,0.1
5149,804,5,1,0
5150,2995,39,3,0.15
5151,55,17,5,0.05
5152,2563,10,4,0
5153,701,147,1,0.05
5154,2710,165,5,0
5155,612,47,2,0
5156,775,105,5,0
5157,488,163,5,0
5158,1575,44,1,0
5159,2042,164,2,0
5160,558,67,2,0.05
5161,2668,182,4,0
5162,1064,180,5,0.05
5163,1489,62,4,0.2
5164,2602,74,1,0.15
5165,1338,127,1,0.2
5166,2630,196,3,0
5167,1602,170,5,0
5168,1672,174,4,0
5169,204,185,4,0.1
5170,2020,54,3,0.15
5171,1245,65,3,0
5172,1042,85,1,0
5173,1560,168,4,0.1
5174,2198,170,4,0
5175,2106,51,3,0.1
5176,813,76,5,0.15
5177,937,170,3,0.15
5178,2241,110,2,0.2
5179,1706,127,2,0.05
5180,1605,77,5,0
5181,985,40,1,0.2
5182,2716,118,4,0
5183,2149,121,1,0.1
5184,2495,75,2,0
5185,2665,105,5,0.1
5186,895,169,3,0
5187,999,187,4,0.1
5188,2829,87,5,0
5189,1459,7,3,0
5190,245,93,1,0.1
5191,717,137,3,0.05
5192,1899,43,1,0
5193,1876,51,3,0
5194,2472,195,2,0.1
5195,188,179,4,0.05
5196,931,190,4,0
5197,2418,81,3,0.15
5198,1415,171,1,0
5199,2303,8,1,0.05
5200,565,86,5,0
5201,451,91,1,0.15
5202,544,177,1,0
5203,1407,6,2,0.1
5204,386,80,2,0
5205,930,17,2,0.05
5206,2444,68,2,0.2
5207,917,193,4,0.1
5208,1355,49,1,0.2
5209,2956,186,1,0
5210,583,62,3,0.1
5211,120,71,2,0.05
5212,1467,48,4,0.2
5213,1083,39,5,0.05
5214,2768,98,2,0.2
5215,2736,89,1,0.15
5216,210,135,3,0.05
5217,916,136,2,0.1
5218,2929,174,3,0
5219,1199,88,1,0
5220,2589,194,4,0
5221,2473,161,1,0.1
5222,951,83,1,0
5223,1953,171,3,0
5224,1465,81,2,0.15
5225,1859,179,1,0.2
5226,1712,35,4,0
5227,2228,28,4,0.05
5228,819,64,4,0
5229,1579,25,2,0.2
5230,356,171,3,0.2
5231,1949,96,4,0.15
5232,2957,196,2,0.2
5233,1743,66,1,0
5234,1738,8,5,0
5235,2154,31,5,0.2
5236,2683,114,4,0
5237,58,151,5,0
5238,1737,147,2,0
5239,2472,111,2,0
5240,963,159,5,0
5241,303,112,4,0
5242,1273,86,1,0.15
5243,1352,185,5,0.2
5244,2418,139,2,0.2
5245,513,174,4,0.05
5246,933,174,1,0
5247,882,72,2,0.2
5248,2176,143,5,0
5249,1264,129,3,0.2
5250,371,169,3,0.15
5251,624,15,2,0
5252,2490,63,4,0
5253,1501,12,2,0.1
5254,720,185,2,0
5255,1009,66,2,0.05
5256,1482,197,3,0.05
5257,1551,120,2,0.1
5258,2498,17,1,0.15
5259,1357,75,5,0
5260,1169,161,3,0
5261,349,134,2,0.15
5262,1226,64,4,0.1
5263,1526,58,1,0
5264,2809,168,2,0.15
5265,2398,124,4,0
5266,2778,165,1,0
5267,65,105,2,0.15
5268,2395,30,4,0.1
5269,519,100,3,0.2
5270,264,116,2,0.2
5271,663,131,1,0.2
5272,1751,37,5,0
5273,220,188,5,0.05
5274,937,159,2,0
5275,402,152,5,0
5276,1627,146,1,0.2
5277,1320,114,2,0.15
5278,1887,112,4,0
5279,111,92,2,0.1
5280,2105,175,4,0.05
5281,5,114,3,0
5282,2437,190,5,0.2
5283,2986,21,3,0.2
5284,805,15,3,0
5285,1302,14,1,0.2
5286,728,2,2,0.2
5287,2647,97,5,0
5288,2296,127,5,0.1
5289,141,55,3,0.15
5290,1419,15,2,0.1
5291,1296,129,4,0.05
5292,1625,13,2,0.15
5293,195,70,1,0.1
5294,2945,53,3,0.05
5295,2806,177,4,0.15
5296,1426,77,1,0.1
5297,2913,186,2,0
5298,1737,139,5,0
5299,183,20,2,0.2
5300,2251,171,2,0.05
5301,707,19,1,0.2
5302,1285,26,2,0
5303,1151,97,1,0
5304,2235,80,2,0
5305,12,26,2,0.1
5306,2694,141,2,0
5307,967,45,1,0.2
5308,2254,190,2,0.15
5309,2996,20,4,0.1
5310,498,186,4,0
5311,1702,3,2,0.1
5312,2316,174,1,0.15
5313,2873,123,2,0.15
5314,1559,154,1,0.05
5315,2091,152,3,0.15
5316,1992,110,4,0
5317,190,11,1,0
5318,531,21,3,0.15
5319,2938,26,1,0.05
5320,37,117,1,0.05
5321,989,69,5,0
5322,113,168,5,0.2
5323,2485,83,1,0
5324,888,118,1,0.1
5325,1521,21,1,0.2
5326,2393,193,1,0.1
5327,1085,165,3,0
5328,1064,94,4,0.1
5329,1936,37,5,0.05
5330,1410,87,4,0.2
5331,471,154,2,0.05
5332,1753,128,1,0
5333,1799,115,1,0.15
5334,2768,129,5,0.05
5335,580,109,2,0.1
5336,1452,103,1,0
5337,1646,196,4,0.2
5338,1805,140,2,0
5339,1525,94,4,0
5340,1880,26,2,0.1
5341,2150,123,3,0.2
5342,191,43,2,0
5343,2816,168,3,0.15
5344,1560,18,3,0
5345,1602,98,2,0.05
5346,1738,53,2,0
5347,1216,175,1,0
5348,1873,107,1,0.15
5349,1222,45,1,0
5350,761,76,5,0
5351,462,154,4,0.1
5352,1727,54,4,0
5353,1963,7,3,0.05
5354,1283,97,5,0.1
5355,1588,152,5,0.05
5356,90,56,4,0.1
5357,2289,200,2,0
5358,116,72,5,0
5359,1993,175,5,0.15
5360,934,103,2,0.15
5361,323,196,3,0.1
5362,742,192,2,0.2
5363,2896,153,1,0.15
5364,2638,43,4,0
5365,1571,85,5,0
5366,1148,17,1,0
5367,205,97,2,0.1
5368,386,21,5,0.05
5369,698,33,5,0
5370,1151,123,1,0.1
5371,789,6,1,0.1
5372,468,115,5,0.2
5373,1641,167,1,0.2
5374,1968,86,4,0.1
5375,2511,187,5,0.15
5376,1033,148,4,0
5377,2383,158,4,0.1
5378,2459,15,3,0
5379,553,28,4,0
5380,453,72,5,0.2
5381,1677,86,4,0
5382,2117,189,1,0.1
5383,2539,137,1,0
5384,1773,20,4,0
5385,2589,176,3,0.05
5386,997,25,4,0
5387,386,44,5,0.05
5388,1502,91,4,0.2
5389,730,191,4,0
5390,1715,153,3,0.1
5391,1682,56,4,0.1
5392,2078,19,1,0.1
5393,866,135,5,0.15
5394,2379,150,1,0.05
5395,2173,43,1,0
5396,849,165,1,0.05
5397,315,110,4,0
5398,773,175,2,0
5399,1594,57,2,0.05
5400,494,62,1,0.05
5401,2515,135,3,0
5402,2370,10,1,0
5403,2824,155,1,0
5404,1951,173,2,0.1
5405,1464,192,3,0
5406,2114,199,3,0.1
5407,922,88,4,0.2
5408,961,175,5,0.1
5409,2246,195,1,0
5410,1974,72,2,0.1
5411,2590,40,2,0
5412,1401,28,4,0.2
5413,1116,18,5,0.15
5414,755,83,5,0
5415,2578,190,3,0.2
5416,2022,108,2,0
5417,2881,47,2,0.05
5418,153,32,5,0.05
5419,956,147,5,0
5420,1467,67,1,0.2
5421,852,186,5,0
5422,1304,60,1,0
5423,1596,56,1,0.1
5424,993,3,4,0.1
5425,1639,134,3,0.2
5426,2547,12,5,0.05
5427,2850,170,3,0
5428,2373,138,4,0
5429,2579,72,1,0.1
5430,2504,155,2,0.15
5431,441,118,4,0.15
5432,771,85,1,0.05
5433,1641,131,1,0
5434,845,56,5,0.05
5435,787,110,4,0
5436,1959,178,2,0
5437,1962,169,2,0.15
5438,1204,3,2,0
5439,544,167,2,0.15
5440,700,189,3,0
5441,2820,158,5,0.2
5442,2957,59,1,0.05
5443,2760,63,2,0.15
5444,962,112,3,0
5445,60,25,5,0
5446,2658,80,3,0
5447,689,76,5,0.2
5448,1109,40,1,0
5449,2840,72,2,0.2
5450,1507,2,5,0
5451,1800,106,3,0.15
5452,373,31,5,0.05
5453,2693,17,3,0.05
5454,1123,3,5,0.2
5455,2360,73,1,0
5456,2028,90,2,0.1
5457,2209,159,1,0
5458,1915,10,3,0
5459,2607,35,3,0.2
5460,1331,24,5,0
5461,2084,46,4,0.2
5462,312,171,1,0
5463,2634,52,3,0.05
5464,1309,158,3,0
5465,2368,152,2,0
5466,2598,45,2,0.05
5467,1566,183,4,0.05
5468,2389,170,4,0.1
5469,710,199,2,0.1
5470,1422,60,2,0.1
5471,1572,24,5,0
5472,381,17,5,0.2
5473,786,156,1,0.2
5474,2545,60,3,0
5475,1149,168,2,0
5476,10,97,4,0.15
5477,728,132,2,0
5478,1680,49,2,0.2
5479,1229,173,5,0.1
5480,2477,59,2,0
5481,855,121,3,0
5482,2158,98,4,0.1
5483,1043,188,1,0.1
5484,1781,199,3,0.2
5485,1180,45,3,0
5486,2980,144,2,0.05
5487,2541,35,5,0
5488,1408,6,4,0
5489,837,88,1,0.1
5490,1423,42,5,0.15
5491,2143,160,3,0.1
5492,1115,123,1,0
5493,2332,110,5,0.2
5494,1729,73,3,0
5495,1322,154,1,0.2
5496,1927,104,3,0
5497,1060,118,1,0.2
5498,2251,134,2,0
5499,155,196,5,0.2
5500,2412,88,3,0
5501,2255,131,4,0
5502,1126,73,5,0.15
5503,1647,171,4,0.1
5504,1777,111,4,0.1
5505,2208,157,5,0
5506,1872,5,4,0.15
5507,437,118,1,0.2
5508,1775,150,1,0
5509,1069,160,4,0
5510,331,7,2,0.2
5511,2145,67,4,0
5512,1380,101,4,0.2
5513,1469,108,4,0.15
5514,1335,1,3,0
5515,2224,187,5,0.05
5516,82,176,1,0.05
5517,2013,170,3,0
5518,2306,186,2,0
5519,1164,178,2,0
5520,2502,164,4,0.1
5521,2119,84,1,0
5522,1328,195,1,0.15
5523,1373,105,4,0.2
5524,2898,148,2,0.05
5525,1406,80,1,0
5526,2917,192,3,0
5527,2298,112,1,0.05
5528,2880,138,5,0
5529,1357,115,1,0
5530,137,34,3,0
5531,2796,62,5,0
5532,2891,126,4,0.15
5533,707,194,4,0.2
5534,1233,132,1,0.15
5535,1685,195,2,0.1
5536,2650,74,5,0
5537,1668,144,1,0.15
5538,1579,51,3,0.1
5539,1437,57,1,0.15
5540,347,6,1,0.2
5541,579,113,5,0.1
5542,1546,154,3,0
5543,2501,167,2,0
5544,1205,165,5,0.2
5545,1511,38,4,0.05
5546,1435,135,4,0.2
5547,1945,13,2,0.05
5548,1342,107,2,0
5549,796,192,4,0
5550,1040,78,3,0
5551,2576,153,3,0.05
5552,2084,200,5,0.05
5553,2944,63,2,0
5554,2201,19,2,0
5555,911,95,4,0.15
5556,1728,23,4,0.15
5557,196,115,2,0.2
5558,509,115,3,0
5559,1464,119,4,0.05
5560,709,173,4,0
5561,1590,63,4,0.05
5562,2205,81,1,0.1
5563,2516,142,5,0.05
5564,2032,68,4,0.2
5565,1534,157,3,0.15
5566,1175,167,2,0
5567,2058,183,3,0
5568,2407,91,2,0.05
5569,1883,65,1,0.2
5570,984,122,4,0.05
5571,1720,143,4,0
5572,103,68,2,0
5573,1967,108,4,0
5574,330,79,5,0.05
5575,1437,52,3,0
5576,312,82,4,0.2
5577,851,167,2,0
5578,2548,151,1,0.2
5579,133,165,1,0.1
5580,1138,190,1,0.2
5581,1676,96,4,0
5582,2974,130,2,0
5583,1190,185,3,0
5584,1001,135,3,0.15
5585,2692,109,3,0
5586,1401,47,2,0.2
5587,2773,34,4,0.05
5588,131,162,1,0.2
5589,151,67,4,0
5590,2338,189,1,0
5591,246,189,2,0.2
5592,1261,150,3,0.2
5593,1727,20,1,0.1
5594,2824,196,5,0.1
5595,2326,152,4,0.2
5596,1288,21,1,0.1
5597,417,175,3,0.1
5598,881,192,4,0.2
5599,1134,103,4,0
5600,1278,187,3,0.05
5601,1838,109,1,0.1
5602,2634,196,4,0.1
5603,1995,172,1,0
5604,2952,119,5,0.05
5605,1638,172,4,0.1
5606,604,182,5,0
5607,1528,183,2,0
5608,1656,88,5,0.1
5609,1536,5,5,0.15
5610,2535,18,3,0.15
5611,673,180,2,0.15
5612,949,1,2,0.1
5613,2886,48,4,0.05
5614,1171,5,3,0
5615,1971,175,2,0.1
5616,2192,109,2,0
5617,275,65,1,0
5618,276,56,1,0.1
5619,1592,97,1,0
5620,1985,79,4,0.2
5621,998,55,5,0.1
5622,370,65,4,0.15
5623,2050,87,2,0
5624,1865,77,3,0.2
5625,526,1,2,0
5626,2481,68,3,0
5627,69,192,2,0.15
5628,926,130,4,0.15
5629,925,92,1,0.1
5630,2794,180,4,0.05
5631,1271,128,4,0
5632,392,53,1,0
5633,1502,20,5,0.15
5634,770,3,2,0
5635,2106,96,2,0
5636,1714,198,3,0.1
5637,322,90,2,0.1
5638,2160,199,5,0
5639,2613,43,1,0.05
5640,2255,155,3,0
5641,2551,159,1,0.2
5642,2365,134,3,0.15
5643,2775,20,2,0.1
5644,1537,85,3,0.2
5645,2126,29,4,0.05
5646,1414,195,5,0
5647,882,138,2,0.2
5648,398,151,2,0
5649,2182,196,5,0
5650,2244,184,1,0.15
5651,228,51,5,0
5652,1058,99,2,0
5653,521,181,5,0.2
5654,709,80,2,0
5655,2823,156,3,0.1
5656,1898,191,2,0.2
5657,214,151,1,0
5658,260,132,3,0
5659,1935,50,3,0
5660,357,76,4,0
5661,806,64,1,0
5662,2627,92,3,0
5663,222,17,3,0
5664,160,49,1,0.2
5665,1259,76,1,0.05
5666,1807,137,1,0.15
5667,2918,26,1,0.1
5668,1669,93,5,0.1
5669,1242,170,3,0
5670,1871,105,4,0
5671,1252,84,3,0
5672,2288,190,2,0.1
5673,2421,26,2,0.05
5674,2515,154,3,0
5675,626,15,4,0
5676,2804,22,5,0.15
5677,422,6,4,0
5678,2846,192,4,0.15
5679,1559,177,5,0
5680,71,16,5,0.15
5681,543,41,3,0
5682,506,104,5,0
5683,1710,129,2,0
5684,2815,22,4,0
5685,2614,103,2,0.15
5686,1561,159,5,0.2
5687,1563,38,1,0.1
5688,793,162,3,0.05
5689,2347,182,1,0.15
5690,16,3,3,0.1
5691,944,36,3,0.05
5692,531,195,2,0.1
5693,2570,117,1,0.15
5694,825,41,2,0
5695,191,166,4,0.2
5696,1095,144,3,0.1
5697,2021,189,2,0
5698,784,143,4,0
5699,593,157,3,0
5700,1210,86,2,0.15
5701,184,85,5,0.2
5702,2632,6,2,0.15
5703,2114,103,1,0.2
5704,1557,12,3,0.1
5705,118,45,2,0
5706,53,108,3,0.2
5707,1231,123,3,0.05
5708,1635,178,5,0
5709,171,184,5,0
5710,1054,22,5,0.15
5711,2394,130,3,0.05
5712,1607,177,3,0
5713,145,25,4,0
5714,2569,91,4,0.2
5715,552,57,5,0.1
5716,2016,136,5,0.1
5717,1814,187,4,0
5718,1744,179,5,0.1
5719,974,19,2,0.05
5720,2700,14,4,0.15
5721,525,36,5,0
5722,362,26,2,0.1
5723,1566,3,3,0.05
5724,2414,71,4,0
5725,2366,158,1,0
5726,2085,5,2,0
5727,497,195,3,0.2
5728,2135,151,3,0.15
5729,1008,144,2,0.15
5730,2333,75,3,0
5731,2414,183,1,0
5732,1883,145,1,0
5733,956,79,4,0
5734,2298,62,5,0
5735,381,189,4,0.05
5736,881,164,1,0.2
5737,2312,85,2,0
5738,2694,187,4,0.05
5739,33,143,3,0.2
5740,2092,195,5,0.05
5741,2568,136,4,0.2
5742,1359,98,2,0.1
5743,684,95,5,0.15
5744,761,41,5,0
5745,2937,138,1,0.2
5746,454,135,2,0
5747,1006,96,2,0
5748,1790,131,5,0
5749,1750,138,3,0.15
5750,1731,125,4,0.15
5751,2029,129,1,0.1
5752,1636,72,3,0.2
5753,2260,57,4,0
5754,1150,148,3,0.2
5755,2355,122,3,0
5756,326,60,3,0.15
5757,822,21,4,0
5758,1412,176,3,0.1
5759,2575,41,5,0.15
5760,2551,126,3,0.1
5761,2903,118,3,0
5762,2810,17,3,0.1
5763,1581,176,2,0.05
5764,1818,83,1,0.2
5765,2671,31,5,0.1
5766,2020,109,3,0
5767,918,69,5,0.05
5768,1457,82,1,0.2
5769,1468,200,4,0
5770,458,157,4,0.05
5771,2169,154,4,0
5772,2960,3,1,0.1
5773,847,90,5,0.2
5774,753,16,1,0.05
5775,786,10,1,0.2
5776,1341,148,4,0.15
5777,2619,40,2,0
5778,593,33,5,0
5779,2218,191,2,0
5780,2715,154,2,0.05
5781,1563,106,5,0
5782,2326,161,5,0.2
5783,1041,112,1,0
5784,2596,130,1,0
5785,34,53,2,0
5786,2268,2,1,0.2
5787,1367,57,4,0.15
5788,992,96,5,0.05
5789,1640,192,4,0
5790,1417,84,3,0
5791,1708,5,3,0
5792,2400,40,4,0
5793,2520,112,4,0.2
5794,1095,192,4,0.15
5795,2870,36,4,0
5796,197,162,3,0.15
5797,845,102,3,0.1
5798,2349,17,1,0.1
5799,2830,40,5,0.2
5800,1430,105,4,0.15
5801,2567,175,2,0.2
5802,2054,94,1,0
5803,351,92,3,0.15
5804,2659,169,2,0.1
5805,1008,6,4,0.05
5806,1394,82,5,0
5807,366,41,4,0
5808,1708,67,2,0.1
5809,1519,102,4,0.15
5810,2098,69,3,0.15
5811,1620,1,4,0.1
5812,2497,199,1,0.2
5813,1969,88,1,0.15
5814,2305,179,5,0
5815,2487,130,1,0.05
5816,1980,96,3,0
5817,628,147,3,0
5818,394,79,5,0.2
5819,677,87,2,0.15
5820,411,110,3,0.1
5821,2218,46,5,0.2
5822,2757,195,2,0.1
5823,2639,87,5,0.05
5824,1115,113,4,0.05
5825,1436,98,3,0.1
5826,151,124,1,0
5827,1336,78,5,0
5828,2657,182,2,0.15
5829,1254,57,4,0.1
5830,1929,169,4,0
5831,1378,106,5,0
5832,577,186,1,0.2
5833,2385,69,5,0.2
5834,221,125,4,0.15
5835,988,77,1,0
5836,863,93,5,0.05
5837,1912,32,1,0.15
5838,196,29,1,0
5839,2636,65,4,0.05
5840,937,197,3,0.1
5841,1077,62,1,0.2
5842,2701,68,5,0.05
5843,547,45,3,0
5844,1919,129,3,0.05
5845,1043,27,2,0
5846,1108,166,4,0
5847,391,101,5,0
5848,2658,96,4,0
5849,2538,171,3,0
5850,974,38,5,0
5851,1528,90,5,0
5852,2762,192,5,0.2
5853,1410,125,5,0
5854,1999,93,5,0
5855,2678,105,4,0
5856,637,136,3,0.15
5857,2623,31,2,0.05
5858,687,62,2,0.15
5859,2684,164,3,0.05
5860,8,77,1,0.05
5861,417,65,4,0.2
5862,2429,114,1,0
5863,2989,127,5,0.05
5864,2951,178,2,0
5865,510,143,3,0.15
5866,1309,147,3,0
5867,2123,183,2,0.05
5868,1161,96,4,0
5869,503,119,1,0
5870,2493,100,1,0
5871,319,118,3,0.1
5872,2777,8,1,0.2
5873,430,113,1,0.05
5874,1885,147,3,0.1
5875,137,126,5,0.05
5876,2871,153,2,0.1
5877,1281,81,1,0.05
5878,2883,40,1,0.15
5879,1496,149,2,0.15
5880,2252,198,5,0.05
5881,1824,103,2,0
5882,811,110,4,0
5883,1508,173,3,0.15
5884,2160,153,4,0
5885,2004,15,4,0
5886,545,137,5,0
5887,1107,200,1,0
5888,945,89,1,0.2
5889,795,157,1,0
5890,1115,49,1,0.1
5891,1918,80,2,0.05
5892,2602,80,5,0
5893,1771,104,2,0
5894,1966,183,5,0.05
5895,1809,197,1,0.15
5896,1098,134,1,0
5897,2882,197,1,0.15
5898,212,117,2,0.2
5899,1492,199,4,0.2
5900,1495,144,2,0.05
5901,104,132,2,0.2
5902,1404,47,4,0
5903,2988,121,5,0
5904,2899,200,1,0
5905,2075,196,5,0.05
5906,1758,150,1,0
5907,518,173,2,0
5908,681,20,3,0.15
5909,2694,43,3,0.2
5910,652,97,1,0
5911,2399,126,5,0.1
5912,602,86,5,0.2
5913,1254,101,3,0.05
5914,1082,162,3,0.05
5915,1525,180,2,0
5916,1536,176,3,0
5917,1174,20,1,0.1
5918,400,198,5,0.15
5919,2852,88,1,0
5920,1565,116,2,0.1
5921,75,176,3,0
5922,238,53,5,0.2
5923,2655,165,5,0
5924,2827,152,2,0.05
5925,2959,110,5,0
5926,409,138,3,0.2
5927,2035,21,3,0.05
5928,2748,35,2,0
5929,306,67,5,0
5930,813,63,3,0
5931,245,25,1,0
5932,1815,44,5,0
5933,1595,3,2,0
5934,2082,124,4,0
5935,1920,124,1,0.15
5936,2348,3,4,0.15
5937,2724,124,4,0
5938,2227,61,4,0.05
5939,592,190,5,0
5940,11,124,4,0.15
5941,1978,177,1,0.15
5942,1705,48,1,0.05
5943,604,11,3,0.1
5944,2145,133,4,0.1
5945,203,169,3,0
5946,2053,100,5,0
5947,184,58,2,0.05
5948,1219,168,3,0.2
5949,1641,66,5,0.05
5950,1914,77,1,0.1
5951,2511,22,4,0
5952,1323,184,2,0.1
5953,2793,6,4,0.2
5954,1025,146,1,0.1
5955,2947,182,4,0.15
5956,64,59,3,0
5957,1378,170,1,0.15
5958,2442,116,1,0
5959,2263,18,3,0.1
5960,2351,26,2,0.05
5961,2232,37,5,0.05
5962,1903,3,4,0
5963,718,31,3,0
5964,275,154,2,0.15
5965,1631,187,2,0.2
5966,1397,44,4,0.2
5967,15,36,2,0
5968,1735,147,1,0.1
5969,2900,131,4,0
5970,1132,132,1,0
5971,2472,60,2,0.2
5972,1508,140,2,0.2
5973,2063,77,2,0.15
5974,2546,164,1,0
5975,1673,93,4,0
5976,1337,22,4,0
5977,1385,65,4,0.1
5978,892,198,3,0
5979,107,42,1,0
5980,193,196,1,0
5981,2225,63,2,0
5982,2341,85,3,0.1
5983,2601,150,4,0.1
5984,2369,4,2,0
5985,2470,117,1,0.05
5986,2020,21,4,0.15
5987,110,50,1,0
5988,1683,129,4,0
5989,2348,78,1,0
5990,1039,179,4,0
5991,1352,24,4,0
5992,2216,60,5,0.1
5993,1314,54,2,0.05
5994,1578,144,3,0
5995,2283,117,4,0.05
5996,1904,171,4,0.2
5997,249,3,4,0
5998,920,80,3,0.15
5999,2927,151,4,0.15
6000,2602,172,2,0.2
6001,328,164,4,0.2
6002,969,12,2,0
6003,726,68,5,0.2
6004,1722,192,4,0
6005,2048,68,3,0
6006,2,78,5,0
6007,2185,12,5,0
6008,2871,113,2,0.2
6009,480,139,1,0
6010,1586,6,3,0.2
6011,1186,42,4,0
6012,1864,153,5,0
6013,2375,184,3,0.2
6014,1956,106,1,0
6015,441,14,4,0.1
6016,1937,101,3,0.05
6017,1483,75,3,0.05
6018,1399,119,2,0.1
6019,2316,117,2,0
6020,1587,175,5,0
6021,1213,130,3,0
6022,2787,7,2,0.1
6023,43,156,5,0
6024,2807,98,5,0.2
6025,1429,190,4,0
6026,1778,98,5,0.15
6027,2448,47,4,0
6028,895,133,2,0.05
6029,2245,122,1,0.1
6030,1814,113,4,0.05
6031,2442,96,4,0
6032,2680,53,5,0.1
6033,1665,37,4,0
6034,2036,120,5,0
6035,1819,18,1,0
6036,1794,195,2,0
6037,505,34,5,0.1
6038,1719,45,2,0.15
6039,134,105,5,0.15
6040,688,74,2,0
6041,950,50,2,0
6042,587,56,5,0.1
6043,942,65,3,0.05
6044,93,103,1,0.2
6045,1548,145,3,0.15
6046,929,175,1,0.05
6047,2507,89,2,0
6048,1397,113,5,0.05
6049,1324,200,2,0.1
6050,1252,24,2,0.1
6051,1408,63,4,0.15
6052,199,9,4,0.2
6053,1086,65,5,0.2
6054,2277,87,3,0.1
6055,1962,200,3,0
6056,437,30,5,0.15
6057,2132,3,3,0
6058,1484,90,3,0
6059,2169,2,3,0
6060,1819,106,3,0
6061,1496,86,1,0.05
6062,2283,109,5,0.1
6063,2612,115,5,0.05
6064,113,174,2,0
6065,937,185,5,0
6066,692,32,2,0
6067,1969,9,1,0.1
6068,2938,84,5,0.05
6069,1699,54,5,0.2
6070,2363,170,2,0.1
6071,1934,145,5,0.2
6072,1983,41,5,0.05
6073,832,180,1,0
6074,646,80,5,0
6075,1675,45,5,0.2
6076,464,122,5,0.05
6077,1269,77,1,0.05
6078,35,61,2,0.2
6079,749,139,5,0.1
6080,28,121,1,0
6081,1328,21,1,0
6082,2159,125,3,0
6083,2805,21,2,0
6084,603,175,2,0.15
6085,2881,168,1,0
6086,2963,126,3,0
6087,1502,70,1,0.05
6088,1129,136,4,0.1
6089,564,169,1,0
6090,1103,104,4,0
6091,1911,82,1,0.2
6092,401,92,2,0.05
6093,2790,175,5,0.05
6094,1036,71,2,0.2
6095,209,59,4,0
6096,1972,137,3,0
6097,2224,49,2,0
6098,2347,96,5,0.05
6099,581,61,5,0
6100,1630,137,1,0.05
6101,201,23,3,0
6102,1825,153,2,0
6103,552,103,4,0
6104,1098,190,5,0
6105,2049,181,1,0.1
6106,2598,118,1,0
6107,1495,12,1,0.1
6108,1771,128,5,0.2
6109,1980,172,2,0
6110,2529,34,3,0
6111,2341,34,1,0
6112,2304,40,5,0.15
6113,2953,91,2,0
6114,930,181,2,0.1
6115,1844,1,3,0.1
6116,2652,51,4,0.1
6117,1395,130,2,0.1
6118,423,88,5,0.15
6119,1524,83,1,0
6120,1759,55,5,0.15
6121,1818,22,3,0.1
6122,676,5,4,0
6123,1883,78,1,0.2
6124,1269,47,3,0.1
6125,1916,61,5,0.05
6126,650,99,2,0
6127,2463,21,5,0.1
6128,974,178,1,0
6129,1231,168,5,0.2
6130,1925,187,4,0
6131,2646,112,4,0.05
6132,704,193,3,0
6133,784,163,3,0
6134,2580,88,3,0.1
6135,1895,133,4,0
6136,2473,97,3,0.05
6137,452,87,4,0.2
6138,2913,79,2,0.1
6139,2771,166,1,0.2
6140,642,158,5,0
6141,928,70,5,0.15
6142,77,165,3,0
6143,1201,121,5,0.2
6144,1716,13,1,0.15
6145,205,146,3,0
6146,2464,17,4,0.15
6147,1452,124,2,0.05
6148,1701,33,3,0
6149,1661,98,2,0
6150,1500,67,5,0
6151,136,57,4,0.2
6152,2456,60,1,0.1
6153,347,184,3,0.2
6154,2579,16,1,0.15
6155,1361,38,4,0
6156,446,182,1,0.2
6157,1885,48,2,0.05
6158,1273,17,3,0.05
6159,1345,108,5,0.2
6160,53,3,1,0.1
6161,1090,33,5,0.2
6162,913,56,3,0.1
6163,2161,189,3,0.05
6164,1255,42,2,0.1
6165,2207,164,2,0.2
6166,2652,196,3,0.1
6167,1710,176,4,0.15
6168,1972,123,1,0
6169,1021,153,1,0.2
6170,692,43,4,0.2
6171,670,190,3,0.05
6172,2985,200,2,0.05
6173,1329,3,1,0.15
6174,831,37,5,0.1
6175,66,148,1,0.15
6176,2606,15,4,0
6177,1857,105,1,0.2
6178,2642,80,3,0
6179,1850,129,4,0
6180,2891,84,3,0
6181,2698,14,3,0
6182,2627,64,1,0.05
6183,2537,127,5,0
6184,2966,181,1,0.15
6185,1774,114,3,0.2
6186,1097,147,2,0.1
6187,805,79,2,0.15
6188,2354,103,5,0
6189,1136,82,2,0.15
6190,2752,152,2,0.2
6191,2822,89,2,0.1
6192,1921,143,2,0
6193,1871,51,2,0.2
6194,2093,26,2,0
6195,81,124,2,0
6196,1395,64,2,0
6197,741,59,4,0
6198,416,46,2,0
6199,1949,65,1,0.15
6200,2335,138,3,0
6201,2927,118,2,0
6202,991,59,3,0
6203,1328,19,4,0
6204,515,64,2,0
6205,393,8,4,0.15
6206,368,94,3,0
6207,2189,128,1,0.2
6208,2408,69,1,0
6209,623,39,3,0
6210,1611,79,1,0
6211,2432,159,2,0
6212,1525,23,2,0
6213,953,131,1,0.05
6214,2118,20,5,0
6215,1022,188,3,0
6216,1431,184,2,0.15
6217,2821,80,5,0
6218,281,158,4,0
6219,1365,178,4,0.2
6220,1287,92,4,0
6221,1607,111,2,0
6222,2110,162,2,0
6223,1678,63,1,0.2
6224,1764,31,4,0
6225,305,172,5,0.15
6226,1494,184,4,0
6227,1295,34,1,0.2
6228,4,118,4,0
6229,1281,11,3,0
6230,225,81,5,0.1
6231,2702,99,5,0.2
6232,1469,171,4,0.1
6233,1825,118,1,0
6234,778,176,2,0.15
6235,1731,7,5,0
6236,2429,10,1,0
6237,323,73,4,0.15
6238,394,13,2,0.1
6239,610,125,5,0.1
6240,2052,143,1,0.1
6241,2433,54,1,0
6242,1601,169,1,0.05
6243,996,143,5,0
6244,1670,131,4,0.15
6245,2195,188,3,0
6246,2161,176,3,0.05
6247,2441,12,3,0.15
6248,145,170,5,0.05
6249,1369,103,5,0.1
6250,657,98,4,0
6251,2147,9,1,0.05
6252,640,183,4,0
6253,8,186,5,0
6254,2758,172,3,0.05
6255,633,162,2,0.05
6256,864,91,4,0
6257,73,120,5,0
6258,2979,186,1,0.1
6259,910,13,4,0.1
6260,1817,134,5,0.1
6261,2576,146,3,0
6262,2628,66,3,0
6263,2489,141,2,0.05
6264,1891,21,3,0.05
6265,1970,68,5,0
6266,1781,98,5,0.1
6267,2963,107,4,0
6268,281,144,3,0.2
6269,2013,26,1,0.05
6270,1247,91,4,0
6271,1439,172,5,0.2
6272,1497,103,2,0
6273,1020,193,1,0.1
6274,200,161,4,0
6275,2411,38,1,0.15
6276,133,35,3,0.1
6277,1418,110,3,0.2
6278,877,62,4,0.15
6279,1954,124,2,0
6280,2774,52,1,0.05
6281,2029,177,5,0.05
6282,444,152,2,0.2
6283,1703,28,3,0
6284,2243,124,2,0
6285,424,37,3,0.15
6286,236,36,3,0.2
6287,1189,87,3,0
6288,2696,15,3,0
6289,2417,9,5,0.15
6290,2949,10,5,0.1
6291,2256,54,5,0.2
6292,2032,103,4,0
6293,2132,131,4,0
6294,1270,97,1,0.05
6295,879,4,2,0.2
6296,1156,64,5,0
6297,2750,16,1,0
6298,2377,21,3,0
6299,1282,41,5,0
6300,2534,58,1,0.05
6301,2833,183,3,0
6302,1793,146,5,0.15
6303,1691,81,3,0.05
6304,1588,40,5,0.1
6305,2034,178,2,0
6306,409,134,5,0.2
6307,1547,41,2,0
6308,636,116,3,0.15
6309,1656,15,1,0
6310,522,64,1,0
6311,920,74,1,0
6312,1566,191,4,0.05
6313,419,48,3,0
6314,2701,95,5,0.1
6315,179,68,1,0.1
6316,2577,43,5,0
6317,1380,18,4,0.05
6318,1767,12,5,0.2
6319,471,47,2,0.1
6320,521,125,5,0.1
6321,1204,198,3,0.05
6322,2601,158,1,0.1
6323,2281,98,2,0.05
6324,340,84,2,0.05
6325,1602,157,3,0.2
6326,2260,73,3,0
6327,637,4,2,0
6328,1064,178,5,0
6329,1029,138,5,0.2
6330,1610,49,1,0
6331,1891,61,4,0
6332,1230,94,1,0
6333,302,29,5,0
6334,2849,40,4,0.15
6335,1560,162,5,0.2
6336,499,68,1,0.1
6337,1019,172,5,0.05
6338,27,99,1,0
6339,1081,117,1,0.2
6340,2054,146,1,0.2
6341,418,149,5,0
6342,1292,97,5,0
6343,1245,186,4,0.05
6344,2295,142,2,0
6345,260,12,2,0
6346,322,72,1,0
6347,286,133,1,0
6348,2304,163,1,0
6349,40,88,1,0.15
6350,2884,60,2,0
6351,2606,30,4,0.2
6352,2406,172,1,0
6353,1278,116,1,0.1
6354,1480,107,1,0.1
6355,1126,13,4,0.05
6356,410,76,5,0.05
6357,2157,55,1,0
6358,811,27,3,0.2
6359,1449,196,4,0
6360,1290,122,2,0.2
6361,625,118,3,0.15
6362,1935,154,3,0.2
6363,224,117,3,0
6364,912,55,4,0
6365,1058,159,5,0.1
6366,2152,116,1,0.1
6367,941,64,5,0
6368,2901,59,4,0.15
6369,2519,74,1,0
6370,2581,104,3,0
6371,18,99,1,0
6372,688,110,4,0
6373,958,17,5,0
6374,1425,126,4,0
6375,359,176,1,0
6376,110,137,5,0.05
6377,2638,86,3,0.05
6378,388,43,3,0
6379,1623,10,4,0
6380,88,16,3,0.05
6381,1191,134,4,0.05
6382,2456,77,5,0.05
6383,2604,163,5,0.2
6384,2126,152,3,0.1
6385,1034,133,1,0.05
6386,50,167,2,0.05
6387,437,7,1,0.05
6388,1920,2,1,0.05
6389,1992,196,2,0.15
6390,1969,81,5,0
6391,2440,51,2,0.2
6392,152,114,5,0
6393,454,19,4,0
6394,2351,181,4,0.2
6395,214,10,3,0.1
6396,97,44,1,0
6397,1174,76,1,0.2
6398,1461,86,5,0.05
6399,1834,72,2,0
6400,956,171,5,0
6401,2719,145,4,0.15
6402,1403,96,2,0
6403,2325,28,4,0.2
6404,2785,7,2,0.15
6405,960,93,2,0
6406,227,80,5,0.15
6407,2399,150,2,0.05
6408,2567,104,3,0
6409,2947,99,1,0.15
6410,2513,123,4,0
6411,426,117,2,0.1
6412,1243,196,4,0.15
6413,634,70,5,0.05
6414,2940,186,2,0
6415,2295,90,5,0.05
6416,1350,170,2,0.2
6417,2547,40,4,0.15
6418,1590,142,4,0.15
6419,379,67,1,0
6420,1121,148,2,0.2
6421,510,196,4,0.1
6422,1600,113,1,0.05
6423,25,94,3,0.1
6424,2626,26,4,0.2
6425,938,82,4,0.1
6426,514,31,1,0.05
6427,559,87,1,0.05
6428,2857,151,5,0.1
6429,770,95,3,0.05
6430,1239,103,2,0.2
6431,2428,137,5,0.05
6432,64,27,3,0.15
6433,2574,166,3,0
6434,1991,2,2,0.1
6435,2939,61,3,0.15
6436,542,122,1,0.15
6437,2216,102,4,0.15
6438,2389,39,3,0
6439,517,155,1,0
6440,98,160,2,0.05
6441,220,2,1,0.15
6442,329,29,1,0
6443,1339,109,1,0.05
6444,289,150,4,0
6445,2302,67,3,0.2
6446,2554,161,5,0
6447,571,23,2,0
6448,193,173,5,0.1
6449,574,168,2,0.1
6450,1241,171,4,0.2
6451,2347,160,1,0.2
6452,2787,176,5,0.2
6453,1659,123,2,0
6454,2761,56,1,0
6455,1081,171,3,0.1
6456,512,127,4,0.15
6457,1004,161,4,0.2
6458,1487,82,4,0
6459,2482,36,2,0
6460,2173,141,2,0
6461,86,106,2,0.2
6462,335,135,4,0.2
6463,1178,32,4,0.05
6464,259,164,2,0.2
6465,120,40,2,0.05
6466,1073,196,1,0.15
6467,2572,112,5,0
6468,1735,130,2,0
6469,2563,157,5,0
6470,1696,119,4,0
6471,62,63,2,0
6472,2366,171,1,0.15
6473,2342,188,2,0.15
6474,736,88,2,0.2
6475,2186,39,4,0.2
6476,1861,27,2,0.05
6477,2468,62,4,0.1
6478,1066,155,5,0.1
6479,1315,43,2,0
6480,758,158,4,0.2
6481,1054,67,3,0.15
6482,2131,72,2,0.2
6483,2580,110,5,0.05
6484,2078,29,1,0
6485,1267,57,2,0
6486,1746,66,1,0.1
6487,2899,134,1,0
6488,2302,128,4,0
6489,1368,82,3,0.1
6490,2765,169,1,0.2
6491,2623,100,2,0.2
6492,1973,136,4,0.1
6493,214,44,3,0.1
6494,402,177,2,0
6495,2922,187,3,0.05
6496,965,120,2,0
6497,1690,46,4,0.05
6498,2969,6,2,0
6499,780,83,5,0
6500,297,138,1,0
